Workbook

Sheet Panel
A1: Nutrition Facts, Oat and Cherry Bar, formula OCB-26-03, as the wrapper will print
A2: Prepared for Priya Raman, brand manager; label review prepared October 20, 2026
A4: Line | B4: Declared | C4: Unit | D4: Percent daily value | E4: Read from
A5: Serving size | B5: ="1 bar ("&Parameters!$B$5&"g)" -> 1 bar (42g) | E5: Parameters
A6: Servings per container | B6: 1 | E6: Product brief, one bar per wrapper
A7: Calories | B7: =Rounding!E4 -> 180 | C7: kcal | E7: Rounding
A8: Total Fat | B8: =Rounding!E5 -> 6 | C8: g | D8: =Rounding!G5 -> 0.08 | E8: Rounding
A9: Saturated Fat | B9: =Rounding!E6 -> 0 | C9: g | D9: =Rounding!G6 -> 0 | E9: Rounding
A10: Trans Fat | B10: =Rounding!E7 -> 0 | C10: g | E10: Rounding
A11: Cholesterol | B11: =Rounding!E8 -> 0 | C11: mg | D11: =Rounding!G8 -> 0 | E11: Rounding
A12: Sodium | B12: =Rounding!E9 -> 140 | C12: mg | D12: =Rounding!G9 -> 0.06 | E12: Rounding
A13: Total Carbohydrate | B13: =Rounding!E10 -> 27 | C13: g | D13: =Rounding!G10 -> 0.1 | E13: Rounding
A14: Dietary Fiber | B14: =Rounding!E11 -> 3 | C14: g | D14: =Rounding!G11 -> 0.11 | E14: Rounding
A15: Total Sugars | B15: =Rounding!E12 -> 9 | C15: g | E15: Rounding
A16: Includes Added Sugars | B16: =Rounding!E13 -> 8 | C16: g | D16: =Rounding!G13 -> 0.16 | E16: Rounding
A17: Protein | B17: =Rounding!E14 -> 4 | C17: g | D17: =Rounding!G14 -> 0.08 | E17: Rounding
A18: Vitamin D | B18: =Rounding!E15 -> 0 | C18: mcg | D18: =Rounding!G15 -> 0 | E18: Rounding
A19: Calcium | B19: =Rounding!E16 -> 0 | C19: mg | D19: =Rounding!G16 -> 0 | E19: Rounding
A20: Iron | B20: =Rounding!E17 -> 1 | C20: mg | D20: =Rounding!G17 -> 0.06 | E20: Rounding
A21: Potassium | B21: =Rounding!E18 -> 130 | C21: mg | D21: =Rounding!G18 -> 0.03 | E21: Rounding
A22: Ingredients | B22: ='Ingredient Statement'!B17 -> Whole grain rolled oats, brown rice syrup, crisp rice (rice, sugar, barley malt extract, salt), clover honey, infused dried cherries (tart cherries, sugar, sunflower oil), roasted almond butter, sliced almonds, high oleic sunflower oil, vanilla extract (vanilla bean extractives in water and alcohol, sugar, natural flavor), ground cinnamon, sea salt (sea salt, calcium silicate), soy lecithin. | E22: Ingredient Statement
A23: Allergens | B23: ='Ingredient Statement'!B18 -> Contains: almonds, soy. | E23: Ingredient Statement
A24: Claims supported in the brief | B24: =Claims!B11 -> 3 | E24: Claims
A25: Claims not supported | B25: =Claims!B12 -> 3 | E25: Claims
A26: Panel holds for all launch inventory | B26: ='Inventory Check'!B13 -> No | E26: Inventory Check
A27: Ingredient statement holds for all launch inventory | B27: ='Inventory Check'!B14 -> No | E27: Inventory Check
A28: Low sodium flag holds for all launch inventory | B28: ='Inventory Check'!B15 -> No | E28: Inventory Check
A30: The footnote prints as the standard daily value statement; values read from the tab named beside each line, and the Rounding tab shows each unrounded figure beside its declared value.

Sheet Parameters
A1: Parameters the review applies, from SOP QA-14 and the pilot batch record
A3: Parameter | B3: Value | C3: Source
A4: Reference amount customarily consumed, bars (g) | B4: 40 | C4: SOP QA-14 section 1.3
A5: Target bar net weight, the declared serving (g) | B5: ='Pilot Batch Record'!B11 -> 42 | C5: Pilot batch record; SOP 1.3
A6: Batch input weight (kg) | B6: ='Pilot Batch Record'!B4 -> 120 | C6: Pilot batch record
A7: Finished batch weight, net of trim (kg) | B7: ='Pilot Batch Record'!B8 -> 107.28 | C7: Pilot batch record scale ticket less trim; SOP 1.1
A8: Yield, finished over input | B8: =ROUND(B7/B6,4) -> 0.894 | C8: SOP 1.1
A9: Grams of formula carried into one serving | B9: =ROUND(B5/B7*B6,2) -> 46.98 | C9: Serving over finished weight times input
A10: Serving as a share of the reference amount | B10: =ROUND(B5/B4,4) -> 1.05 | C10: SOP 1.3, one unit where 67% to 200% of RACC
A11: Good source threshold, share of daily value | B11: 0.1 | C11: SOP 5.1
A12: Excellent source threshold, share of daily value | B12: 0.2 | C12: SOP 5.1
A13: Low sodium ceiling (mg) | B13: 140 | C13: SOP 5.2
A14: Whole grain statement floor per serving (g) | B14: 15 | C14: SOP 5.3
A15: Daily value table | C15: SOP 3.1
A16: Nutrient | B16: Daily value | C16: Unit
A17: Total Fat | B17: 78 | C17: g
A18: Saturated Fat | B18: 20 | C18: g
A19: Cholesterol | B19: 300 | C19: mg
A20: Sodium | B20: 2300 | C20: mg
A21: Total Carbohydrate | B21: 275 | C21: g
A22: Dietary Fiber | B22: 28 | C22: g
A23: Includes Added Sugars | B23: 50 | C23: g
A24: Protein | B24: 50 | C24: g
A25: Vitamin D | B25: 20 | C25: mcg
A26: Calcium | B26: 1300 | C26: mg
A27: Iron | B27: 18 | C27: mg
A28: Potassium | B28: 4700 | C28: mg
A30: Bars cut times the target weight (g), for reference | B30: ='Pilot Batch Record'!B9*B5 -> 105840 | C30: Not the yield basis; SOP 1.1 takes the scale ticket net of trim

Sheet Pilot Batch Record
A1: Pilot batch record, copied from formula_ocb_26_03.xlsx
A3: ITEM | B3: VALUE | C3: SOURCE
A4: Batch input weight (kg) | B4: 120 | C4: Scale ticket, all ingredients including water
A5: Bake, 165 C, 22 minutes; cool 40 minutes | C5: Process log
A6: Finished slab weight after cooling (kg) | B6: 108.14 | C6: Scale ticket
A7: Trim removed (kg) | B7: 0.86 | C7: Edge trim, reworked into next batch, not part of yield
A8: Finished batch weight, net of trim (kg) | B8: 107.28 | C8: Scale ticket less trim
A9: Bars cut | B9: 2520 | C9: Counter
A10: Average bar weight, 30-bar sample (g) | B10: 42.1 | C10: QA check weigh
A11: Target bar net weight (g) | B11: 42 | C11: Product brief
A12: Moisture, finished bar (%) | B12: 8.6 | C12: QA lab, oven method
A13: Water activity, finished bar | B13: 0.58 | C13: QA lab

Sheet Formula
A1: Formula OCB-26-03, copied from formula_ocb_26_03.xlsx, with grams of each ingredient carried into one serving and one reference amount
A3: INGREDIENT_CODE | B3: INGREDIENT | C3: BATCH_KG | D3: PCT_OF_BATCH | E3: DECLARED_NAME | F3: SUB_INGREDIENTS | G3: G_PER_SERVING | H3: G_PER_RACC | I3: ORDER
A4: RM-1042 | B4: Whole grain rolled oats | C4: 37.8 | D4: =ROUND(C4/$C$17,5) -> 0.315 | E4: =LOWER(B4) -> whole grain rolled oats | G4: =ROUND(C4/Parameters!$B$7*Parameters!$B$5,4) -> 14.7987 | H4: =ROUND(C4/Parameters!$B$7*Parameters!$B$4,4) -> 14.094 | I4: =RANK(C4,$C$4:$C$16) -> 1
A5: RM-2210 | B5: Brown rice syrup | C5: 17.4 | D5: =ROUND(C5/$C$17,5) -> 0.145 | E5: =LOWER(B5) -> brown rice syrup | G5: =ROUND(C5/Parameters!$B$7*Parameters!$B$5,4) -> 6.8121 | H5: =ROUND(C5/Parameters!$B$7*Parameters!$B$4,4) -> 6.4877 | I5: =RANK(C5,$C$4:$C$16) -> 2
A6: RM-1187 | B6: Crisp rice | C6: 12 | D6: =ROUND(C6/$C$17,5) -> 0.1 | E6: =LOWER(B6) -> crisp rice | F6: rice, sugar, barley malt extract, salt | G6: =ROUND(C6/Parameters!$B$7*Parameters!$B$5,4) -> 4.698 | H6: =ROUND(C6/Parameters!$B$7*Parameters!$B$4,4) -> 4.4743 | I6: =RANK(C6,$C$4:$C$16) -> 3
A7: RM-2205 | B7: Clover honey | C7: 10.2 | D7: =ROUND(C7/$C$17,5) -> 0.085 | E7: =LOWER(B7) -> clover honey | G7: =ROUND(C7/Parameters!$B$7*Parameters!$B$5,4) -> 3.9933 | H7: =ROUND(C7/Parameters!$B$7*Parameters!$B$4,4) -> 3.8031 | I7: =RANK(C7,$C$4:$C$16) -> 4
A8: RM-3301 | B8: Infused dried cherries | C8: 9.6 | D8: =ROUND(C8/$C$17,5) -> 0.08 | E8: =LOWER(B8) -> infused dried cherries | F8: tart cherries, sugar, sunflower oil | G8: =ROUND(C8/Parameters!$B$7*Parameters!$B$5,4) -> 3.7584 | H8: =ROUND(C8/Parameters!$B$7*Parameters!$B$4,4) -> 3.5794 | I8: =RANK(C8,$C$4:$C$16) -> 5
A9: RM-3120 | B9: Roasted almond butter | C9: 8.4 | D9: =ROUND(C9/$C$17,5) -> 0.07 | E9: =LOWER(B9) -> roasted almond butter | G9: =ROUND(C9/Parameters!$B$7*Parameters!$B$5,4) -> 3.2886 | H9: =ROUND(C9/Parameters!$B$7*Parameters!$B$4,4) -> 3.132 | I9: =RANK(C9,$C$4:$C$16) -> 7
A10: RM-3115 | B10: Sliced almonds | C10: 7.8 | D10: =ROUND(C10/$C$17,5) -> 0.065 | E10: =LOWER(B10) -> sliced almonds | G10: =ROUND(C10/Parameters!$B$7*Parameters!$B$5,4) -> 3.0537 | H10: =ROUND(C10/Parameters!$B$7*Parameters!$B$4,4) -> 2.9083 | I10: =RANK(C10,$C$4:$C$16) -> 8
A11: RM-4010 | B11: Water | C11: 9.12 | D11: =ROUND(C11/$C$17,5) -> 0.076 | E11: (water, not declared) | G11: =ROUND(C11/Parameters!$B$7*Parameters!$B$5,4) -> 3.5705 | H11: =ROUND(C11/Parameters!$B$7*Parameters!$B$4,4) -> 3.4004 | I11: =RANK(C11,$C$4:$C$16) -> 6
A12: RM-4102 | B12: High oleic sunflower oil | C12: 4 | D12: =ROUND(C12/$C$17,5) -> 0.03333 | E12: =LOWER(B12) -> high oleic sunflower oil | G12: =ROUND(C12/Parameters!$B$7*Parameters!$B$5,4) -> 1.566 | H12: =ROUND(C12/Parameters!$B$7*Parameters!$B$4,4) -> 1.4914 | I12: =RANK(C12,$C$4:$C$16) -> 9
A13: RM-5020 | B13: Vanilla extract | C13: 1.56 | D13: =ROUND(C13/$C$17,5) -> 0.013 | E13: =LOWER(B13) -> vanilla extract | F13: vanilla bean extractives in water and alcohol, sugar, natural flavor | G13: =ROUND(C13/Parameters!$B$7*Parameters!$B$5,4) -> 0.6107 | H13: =ROUND(C13/Parameters!$B$7*Parameters!$B$4,4) -> 0.5817 | I13: =RANK(C13,$C$4:$C$16) -> 10
A14: RM-5031 | B14: Ground cinnamon | C14: 0.84 | D14: =ROUND(C14/$C$17,5) -> 0.007 | E14: =LOWER(B14) -> ground cinnamon | G14: =ROUND(C14/Parameters!$B$7*Parameters!$B$5,4) -> 0.3289 | H14: =ROUND(C14/Parameters!$B$7*Parameters!$B$4,4) -> 0.3132 | I14: =RANK(C14,$C$4:$C$16) -> 11
A15: RM-5040 | B15: Sea salt | C15: 0.8 | D15: =ROUND(C15/$C$17,5) -> 0.00667 | E15: =LOWER(B15) -> sea salt | F15: sea salt, calcium silicate | G15: =ROUND(C15/Parameters!$B$7*Parameters!$B$5,4) -> 0.3132 | H15: =ROUND(C15/Parameters!$B$7*Parameters!$B$4,4) -> 0.2983 | I15: =RANK(C15,$C$4:$C$16) -> 12
A16: RM-5055 | B16: Soy lecithin | C16: 0.48 | D16: =ROUND(C16/$C$17,5) -> 0.004 | E16: =LOWER(B16) -> soy lecithin | G16: =ROUND(C16/Parameters!$B$7*Parameters!$B$5,4) -> 0.1879 | H16: =ROUND(C16/Parameters!$B$7*Parameters!$B$4,4) -> 0.179 | I16: =RANK(C16,$C$4:$C$16) -> 13
A17: Batch total | C17: =ROUND(SUM(C4:C16),3) -> 120 | G17: =SUM(G4:G16) -> 46.98 | H17: =SUM(H4:H16) -> 44.7428
A19: Grams per serving are batch kilograms over the finished batch weight times the serving weight, per SOP 1.1 and 1.3; the water leaves in the bake, so the sum of the grams exceeds the serving weight by the water and volatiles lost.
A20: DECLARED_NAME is the common name on the formula in lower case under SOP 4.1; SUB_INGREDIENTS are typed from specification S-1187 revision 7 for the crisp rice, S-3301 revision 5 for the cherries, S-5020 revision 2 for the vanilla extract and S-5040 revision 1 for the sea salt, in the order each lists them.

Sheet Specs
A1: Supplier nutrient specifications from ingredient_nutrient_specs.csv and the specifications in force, and the same values normalised to 100 g per SOP 1.2
A3: INGREDIENT_CODE | B3: INGREDIENT | C3: BASIS_G | D3: CALORIES_KCAL | E3: TOTAL_FAT_G | F3: SAT_FAT_G | G3: TRANS_FAT_G | H3: CHOLESTEROL_MG | I3: SODIUM_MG | J3: TOTAL_CARB_G | K3: FIBER_G | L3: TOTAL_SUGARS_G | M3: ADDED_SUGARS_G | N3: PROTEIN_G | O3: VITAMIN_D_MCG | P3: CALCIUM_MG | Q3: IRON_MG | R3: POTASSIUM_MG | S3: SOURCE | U3: CODE_100 | V3: CALORIES_KCAL_PER100 | W3: TOTAL_FAT_G_PER100 | X3: SAT_FAT_G_PER100 | Y3: TRANS_FAT_G_PER100 | Z3: CHOLESTEROL_MG_PER100 | AA3: SODIUM_MG_PER100 | AB3: TOTAL_CARB_G_PER100 | AC3: FIBER_G_PER100 | AD3: TOTAL_SUGARS_G_PER100 | AE3: ADDED_SUGARS_G_PER100 | AF3: PROTEIN_G_PER100 | AG3: VITAMIN_D_MCG_PER100 | AH3: CALCIUM_MG_PER100 | AI3: IRON_MG_PER100 | AJ3: POTASSIUM_MG_PER100
A4: RM-1042 | B4: Whole grain rolled oats | C4: 100 | D4: 379 | E4: 6.5 | F4: 0.7 | G4: 0 | H4: 0 | I4: 6 | J4: 67.7 | K4: 12 | L4: 1 | M4: 0 | N4: 13.2 | O4: 0 | P4: 45 | Q4: 4.25 | R4: 362 | S4: Supplier spec S-1042 rev 4 | U4: =A4 -> RM-1042 | V4: =ROUND(D4/$C4*100,4) -> 379 | W4: =ROUND(E4/$C4*100,4) -> 6.5 | X4: =ROUND(F4/$C4*100,4) -> 0.7 | Y4: =ROUND(G4/$C4*100,4) -> 0 | Z4: =ROUND(H4/$C4*100,4) -> 0 | AA4: =ROUND(I4/$C4*100,4) -> 6 | AB4: =ROUND(J4/$C4*100,4) -> 67.7 | AC4: =ROUND(K4/$C4*100,4) -> 12 | ... AJ4: =ROUND(R4/$C4*100,4) -> 362
A5: RM-2210 | B5: Brown rice syrup | C5: 100 | D5: 316 | E5: 0.2 | F5: 0 | G5: 0 | H5: 0 | I5: 2 | J5: 78 | K5: 0 | L5: 44.6 | M5: 44.6 | N5: 0.5 | O5: 0 | P5: 12 | Q5: 0.1 | R5: 62 | S5: Supplier spec S-2210 rev 3 | U5: =A5 -> RM-2210 | V5: =ROUND(D5/$C5*100,4) -> 316 | W5: =ROUND(E5/$C5*100,4) -> 0.2 | X5: =ROUND(F5/$C5*100,4) -> 0 | Y5: =ROUND(G5/$C5*100,4) -> 0 | Z5: =ROUND(H5/$C5*100,4) -> 0 | AA5: =ROUND(I5/$C5*100,4) -> 2 | AB5: =ROUND(J5/$C5*100,4) -> 78 | AC5: =ROUND(K5/$C5*100,4) -> 0 | ... AJ5: =ROUND(R5/$C5*100,4) -> 62
A6: RM-1187 | B6: Crisp rice | C6: 30 | D6: 116 | E6: 0.3 | F6: 0.1 | G6: 0 | H6: 0 | I6: 96 | J6: 26.1 | K6: 0.2 | L6: 2.6 | M6: 2.6 | N6: 2.1 | O6: 0 | P6: 3 | Q6: 0.36 | R6: 28 | S6: Supplier spec S-1187 rev 7 | U6: =A6 -> RM-1187 | V6: =ROUND(D6/$C6*100,4) -> 386.6667 | W6: =ROUND(E6/$C6*100,4) -> 1 | X6: =ROUND(F6/$C6*100,4) -> 0.3333 | Y6: =ROUND(G6/$C6*100,4) -> 0 | Z6: =ROUND(H6/$C6*100,4) -> 0 | AA6: =ROUND(I6/$C6*100,4) -> 320 | AB6: =ROUND(J6/$C6*100,4) -> 87 | AC6: =ROUND(K6/$C6*100,4) -> 0.6667 | ... AJ6: =ROUND(R6/$C6*100,4) -> 93.3333
A7: RM-2205 | B7: Clover honey | C7: 100 | D7: 304 | E7: 0 | F7: 0 | G7: 0 | H7: 0 | I7: 4 | J7: 82.4 | K7: 0.2 | L7: 82.1 | M7: 82.1 | N7: 0.3 | O7: 0 | P7: 6 | Q7: 0.42 | R7: 52 | S7: Supplier spec S-2205 rev 3 | U7: =A7 -> RM-2205 | V7: =ROUND(D7/$C7*100,4) -> 304 | W7: =ROUND(E7/$C7*100,4) -> 0 | X7: =ROUND(F7/$C7*100,4) -> 0 | Y7: =ROUND(G7/$C7*100,4) -> 0 | Z7: =ROUND(H7/$C7*100,4) -> 0 | AA7: =ROUND(I7/$C7*100,4) -> 4 | AB7: =ROUND(J7/$C7*100,4) -> 82.4 | AC7: =ROUND(K7/$C7*100,4) -> 0.2 | ... AJ7: =ROUND(R7/$C7*100,4) -> 52
A8: RM-3301 | B8: Infused dried cherries | C8: 100 | D8: 333 | E8: 1 | F8: 0.1 | G8: 0 | H8: 0 | I8: 12 | J8: 80 | K8: 3 | L8: 60 | M8: 30 | N8: 1.5 | O8: 0 | P8: 26 | Q8: 0.9 | R8: 380 | S8: Supplier spec S-3301 rev 5 | U8: =A8 -> RM-3301 | V8: =ROUND(D8/$C8*100,4) -> 333 | W8: =ROUND(E8/$C8*100,4) -> 1 | X8: =ROUND(F8/$C8*100,4) -> 0.1 | Y8: =ROUND(G8/$C8*100,4) -> 0 | Z8: =ROUND(H8/$C8*100,4) -> 0 | AA8: =ROUND(I8/$C8*100,4) -> 12 | AB8: =ROUND(J8/$C8*100,4) -> 80 | AC8: =ROUND(K8/$C8*100,4) -> 3 | ... AJ8: =ROUND(R8/$C8*100,4) -> 380
A9: RM-3120 | B9: Roasted almond butter | C9: 32 | D9: 196 | E9: 17.8 | F9: 1 | G9: 0 | H9: 0 | I9: 2 | J9: 6 | K9: 3.3 | L9: 1.4 | M9: 0 | N9: 6.7 | O9: 0 | P9: 65 | Q9: 1.12 | R9: 239 | S9: Supplier spec S-3120 rev 2 | U9: =A9 -> RM-3120 | V9: =ROUND(D9/$C9*100,4) -> 612.5 | W9: =ROUND(E9/$C9*100,4) -> 55.625 | X9: =ROUND(F9/$C9*100,4) -> 3.125 | Y9: =ROUND(G9/$C9*100,4) -> 0 | Z9: =ROUND(H9/$C9*100,4) -> 0 | AA9: =ROUND(I9/$C9*100,4) -> 6.25 | AB9: =ROUND(J9/$C9*100,4) -> 18.75 | AC9: =ROUND(K9/$C9*100,4) -> 10.3125 | ... AJ9: =ROUND(R9/$C9*100,4) -> 746.875
A10: RM-3115 | B10: Sliced almonds | C10: 100 | D10: 579 | E10: 49.9 | F10: 3.6 | G10: 0 | H10: 0 | I10: 1 | J10: 21.6 | K10: 12.5 | L10: 4.4 | M10: 0 | N10: 21.2 | O10: 0 | P10: 200 | Q10: 3.71 | R10: 733 | S10: Supplier spec S-3115 rev 6 | U10: =A10 -> RM-3115 | V10: =ROUND(D10/$C10*100,4) -> 579 | W10: =ROUND(E10/$C10*100,4) -> 49.9 | X10: =ROUND(F10/$C10*100,4) -> 3.6 | Y10: =ROUND(G10/$C10*100,4) -> 0 | Z10: =ROUND(H10/$C10*100,4) -> 0 | AA10: =ROUND(I10/$C10*100,4) -> 1 | AB10: =ROUND(J10/$C10*100,4) -> 21.6 | AC10: =ROUND(K10/$C10*100,4) -> 12.5 | ... AJ10: =ROUND(R10/$C10*100,4) -> 733
A11: RM-4010 | B11: Water | C11: 100 | D11: 0 | E11: 0 | F11: 0 | G11: 0 | H11: 0 | I11: 0 | J11: 0 | K11: 0 | L11: 0 | M11: 0 | N11: 0 | O11: 0 | P11: 0 | Q11: 0 | R11: 0 | S11: Municipal water per plant analysis | U11: =A11 -> RM-4010 | V11: =ROUND(D11/$C11*100,4) -> 0 | W11: =ROUND(E11/$C11*100,4) -> 0 | X11: =ROUND(F11/$C11*100,4) -> 0 | Y11: =ROUND(G11/$C11*100,4) -> 0 | Z11: =ROUND(H11/$C11*100,4) -> 0 | AA11: =ROUND(I11/$C11*100,4) -> 0 | AB11: =ROUND(J11/$C11*100,4) -> 0 | AC11: =ROUND(K11/$C11*100,4) -> 0 | ... AJ11: =ROUND(R11/$C11*100,4) -> 0
A12: RM-4102 | B12: High oleic sunflower oil | C12: 100 | D12: 884 | E12: 100 | F12: 8.5 | G12: 0 | H12: 0 | I12: 0 | J12: 0 | K12: 0 | L12: 0 | M12: 0 | N12: 0 | O12: 0 | P12: 0 | Q12: 0 | R12: 0 | S12: Supplier spec S-4102 rev 3 | U12: =A12 -> RM-4102 | V12: =ROUND(D12/$C12*100,4) -> 884 | W12: =ROUND(E12/$C12*100,4) -> 100 | X12: =ROUND(F12/$C12*100,4) -> 8.5 | Y12: =ROUND(G12/$C12*100,4) -> 0 | Z12: =ROUND(H12/$C12*100,4) -> 0 | AA12: =ROUND(I12/$C12*100,4) -> 0 | AB12: =ROUND(J12/$C12*100,4) -> 0 | AC12: =ROUND(K12/$C12*100,4) -> 0 | ... AJ12: =ROUND(R12/$C12*100,4) -> 0
A13: RM-5020 | B13: Vanilla extract | C13: 100 | D13: 288 | E13: 0.1 | F13: 0 | G13: 0 | H13: 0 | I13: 9 | J13: 12.7 | K13: 0 | L13: 12.7 | M13: 12.7 | N13: 0.1 | O13: 0 | P13: 11 | Q13: 0.12 | R13: 148 | S13: Supplier spec S-5020 rev 2 | U13: =A13 -> RM-5020 | V13: =ROUND(D13/$C13*100,4) -> 288 | W13: =ROUND(E13/$C13*100,4) -> 0.1 | X13: =ROUND(F13/$C13*100,4) -> 0 | Y13: =ROUND(G13/$C13*100,4) -> 0 | Z13: =ROUND(H13/$C13*100,4) -> 0 | AA13: =ROUND(I13/$C13*100,4) -> 9 | AB13: =ROUND(J13/$C13*100,4) -> 12.7 | AC13: =ROUND(K13/$C13*100,4) -> 0 | ... AJ13: =ROUND(R13/$C13*100,4) -> 148
A14: RM-5031 | B14: Ground cinnamon | C14: 100 | D14: 247 | E14: 1.2 | F14: 0.3 | G14: 0 | H14: 0 | I14: 10 | J14: 80.6 | K14: 53.1 | L14: 2.2 | M14: 0 | N14: 4 | O14: 0 | P14: 1002 | Q14: 8.32 | R14: 431 | S14: Supplier spec S-5031 rev 2 | U14: =A14 -> RM-5031 | V14: =ROUND(D14/$C14*100,4) -> 247 | W14: =ROUND(E14/$C14*100,4) -> 1.2 | X14: =ROUND(F14/$C14*100,4) -> 0.3 | Y14: =ROUND(G14/$C14*100,4) -> 0 | Z14: =ROUND(H14/$C14*100,4) -> 0 | AA14: =ROUND(I14/$C14*100,4) -> 10 | AB14: =ROUND(J14/$C14*100,4) -> 80.6 | AC14: =ROUND(K14/$C14*100,4) -> 53.1 | ... AJ14: =ROUND(R14/$C14*100,4) -> 431
A15: RM-5040 | B15: Sea salt | C15: 100 | D15: 0 | E15: 0 | F15: 0 | G15: 0 | H15: 0 | I15: 38758 | J15: 0 | K15: 0 | L15: 0 | M15: 0 | N15: 0 | O15: 0 | P15: 24 | Q15: 0.33 | R15: 8 | S15: Supplier spec S-5040 rev 1 | U15: =A15 -> RM-5040 | V15: =ROUND(D15/$C15*100,4) -> 0 | W15: =ROUND(E15/$C15*100,4) -> 0 | X15: =ROUND(F15/$C15*100,4) -> 0 | Y15: =ROUND(G15/$C15*100,4) -> 0 | Z15: =ROUND(H15/$C15*100,4) -> 0 | AA15: =ROUND(I15/$C15*100,4) -> 38758 | AB15: =ROUND(J15/$C15*100,4) -> 0 | AC15: =ROUND(K15/$C15*100,4) -> 0 | ... AJ15: =ROUND(R15/$C15*100,4) -> 8
A16: RM-5055 | B16: Soy lecithin | C16: 100 | D16: 763 | E16: 100 | F16: 15 | G16: 0 | H16: 0 | I16: 0 | J16: 0 | K16: 0 | L16: 0 | M16: 0 | N16: 0 | O16: 0 | P16: 0 | Q16: 0 | R16: 0 | S16: Supplier spec S-5055 rev 4 | U16: =A16 -> RM-5055 | V16: =ROUND(D16/$C16*100,4) -> 763 | W16: =ROUND(E16/$C16*100,4) -> 100 | X16: =ROUND(F16/$C16*100,4) -> 15 | Y16: =ROUND(G16/$C16*100,4) -> 0 | Z16: =ROUND(H16/$C16*100,4) -> 0 | AA16: =ROUND(I16/$C16*100,4) -> 0 | AB16: =ROUND(J16/$C16*100,4) -> 0 | AC16: =ROUND(K16/$C16*100,4) -> 0 | ... AJ16: =ROUND(R16/$C16*100,4) -> 0
A18: BASIS_G is the weight each specification states its values on. The nutrient sheet marks the crisp rice and the almond butter as stated per serving; specification S-1187 is stated per 30 g serving and specification S-3120 per 32 g serving, and both are converted to 100 g in the right-hand block before use.
A19: The cherries, brown rice syrup and vanilla extract rows carry their specifications in force (S-3301 revision 5, S-2210 revision 3 and S-5020 revision 2) in place of the nutrient sheet rows at revisions 4, 2 and 1, which state total sugars at 58.0 g with no added sugars figure, sodium at 43 mg, and no added sugar.

Sheet Nutrients
A1: Nutrient contribution of each ingredient to one serving, grams in the serving times the per-100 g specification over 100
A3: INGREDIENT_CODE | B3: INGREDIENT | C3: G_PER_SERVING | D3: CALORIES_KCAL | E3: TOTAL_FAT_G | F3: SAT_FAT_G | G3: TRANS_FAT_G | H3: CHOLESTEROL_MG | I3: SODIUM_MG | J3: TOTAL_CARB_G | K3: FIBER_G | L3: TOTAL_SUGARS_G | M3: ADDED_SUGARS_G | N3: PROTEIN_G | O3: VITAMIN_D_MCG | P3: CALCIUM_MG | Q3: IRON_MG | R3: POTASSIUM_MG
A4: =Formula!A4 -> RM-1042 | B4: =Formula!B4 -> Whole grain rolled oats | C4: =Formula!G4 -> 14.7987 | D4: =ROUND($C4/100*Specs!V4,4) -> 56.0871 | E4: =ROUND($C4/100*Specs!W4,4) -> 0.9619 | F4: =ROUND($C4/100*Specs!X4,4) -> 0.1036 | G4: =ROUND($C4/100*Specs!Y4,4) -> 0 | H4: =ROUND($C4/100*Specs!Z4,4) -> 0 | I4: =ROUND($C4/100*Specs!AA4,4) -> 0.8879 | J4: =ROUND($C4/100*Specs!AB4,4) -> 10.0187 | K4: =ROUND($C4/100*Specs!AC4,4) -> 1.7758 | ... R4: =ROUND($C4/100*Specs!AJ4,4) -> 53.5713
A5: =Formula!A5 -> RM-2210 | B5: =Formula!B5 -> Brown rice syrup | C5: =Formula!G5 -> 6.8121 | D5: =ROUND($C5/100*Specs!V5,4) -> 21.5262 | E5: =ROUND($C5/100*Specs!W5,4) -> 0.0136 | F5: =ROUND($C5/100*Specs!X5,4) -> 0 | G5: =ROUND($C5/100*Specs!Y5,4) -> 0 | H5: =ROUND($C5/100*Specs!Z5,4) -> 0 | I5: =ROUND($C5/100*Specs!AA5,4) -> 0.1362 | J5: =ROUND($C5/100*Specs!AB5,4) -> 5.3134 | K5: =ROUND($C5/100*Specs!AC5,4) -> 0 | ... R5: =ROUND($C5/100*Specs!AJ5,4) -> 4.2235
A6: =Formula!A6 -> RM-1187 | B6: =Formula!B6 -> Crisp rice | C6: =Formula!G6 -> 4.698 | D6: =ROUND($C6/100*Specs!V6,4) -> 18.1656 | E6: =ROUND($C6/100*Specs!W6,4) -> 0.047 | F6: =ROUND($C6/100*Specs!X6,4) -> 0.0157 | G6: =ROUND($C6/100*Specs!Y6,4) -> 0 | H6: =ROUND($C6/100*Specs!Z6,4) -> 0 | I6: =ROUND($C6/100*Specs!AA6,4) -> 15.0336 | J6: =ROUND($C6/100*Specs!AB6,4) -> 4.0873 | K6: =ROUND($C6/100*Specs!AC6,4) -> 0.0313 | ... R6: =ROUND($C6/100*Specs!AJ6,4) -> 4.3848
A7: =Formula!A7 -> RM-2205 | B7: =Formula!B7 -> Clover honey | C7: =Formula!G7 -> 3.9933 | D7: =ROUND($C7/100*Specs!V7,4) -> 12.1396 | E7: =ROUND($C7/100*Specs!W7,4) -> 0 | F7: =ROUND($C7/100*Specs!X7,4) -> 0 | G7: =ROUND($C7/100*Specs!Y7,4) -> 0 | H7: =ROUND($C7/100*Specs!Z7,4) -> 0 | I7: =ROUND($C7/100*Specs!AA7,4) -> 0.1597 | J7: =ROUND($C7/100*Specs!AB7,4) -> 3.2905 | K7: =ROUND($C7/100*Specs!AC7,4) -> 0.008 | ... R7: =ROUND($C7/100*Specs!AJ7,4) -> 2.0765
A8: =Formula!A8 -> RM-3301 | B8: =Formula!B8 -> Infused dried cherries | C8: =Formula!G8 -> 3.7584 | D8: =ROUND($C8/100*Specs!V8,4) -> 12.5155 | E8: =ROUND($C8/100*Specs!W8,4) -> 0.0376 | F8: =ROUND($C8/100*Specs!X8,4) -> 0.0038 | G8: =ROUND($C8/100*Specs!Y8,4) -> 0 | H8: =ROUND($C8/100*Specs!Z8,4) -> 0 | I8: =ROUND($C8/100*Specs!AA8,4) -> 0.451 | J8: =ROUND($C8/100*Specs!AB8,4) -> 3.0067 | K8: =ROUND($C8/100*Specs!AC8,4) -> 0.1128 | ... R8: =ROUND($C8/100*Specs!AJ8,4) -> 14.2819
A9: =Formula!A9 -> RM-3120 | B9: =Formula!B9 -> Roasted almond butter | C9: =Formula!G9 -> 3.2886 | D9: =ROUND($C9/100*Specs!V9,4) -> 20.1427 | E9: =ROUND($C9/100*Specs!W9,4) -> 1.8293 | F9: =ROUND($C9/100*Specs!X9,4) -> 0.1028 | G9: =ROUND($C9/100*Specs!Y9,4) -> 0 | H9: =ROUND($C9/100*Specs!Z9,4) -> 0 | I9: =ROUND($C9/100*Specs!AA9,4) -> 0.2055 | J9: =ROUND($C9/100*Specs!AB9,4) -> 0.6166 | K9: =ROUND($C9/100*Specs!AC9,4) -> 0.3391 | ... R9: =ROUND($C9/100*Specs!AJ9,4) -> 24.5617
A10: =Formula!A10 -> RM-3115 | B10: =Formula!B10 -> Sliced almonds | C10: =Formula!G10 -> 3.0537 | D10: =ROUND($C10/100*Specs!V10,4) -> 17.6809 | E10: =ROUND($C10/100*Specs!W10,4) -> 1.5238 | F10: =ROUND($C10/100*Specs!X10,4) -> 0.1099 | G10: =ROUND($C10/100*Specs!Y10,4) -> 0 | H10: =ROUND($C10/100*Specs!Z10,4) -> 0 | I10: =ROUND($C10/100*Specs!AA10,4) -> 0.0305 | J10: =ROUND($C10/100*Specs!AB10,4) -> 0.6596 | K10: =ROUND($C10/100*Specs!AC10,4) -> 0.3817 | ... R10: =ROUND($C10/100*Specs!AJ10,4) -> 22.3836
A11: =Formula!A11 -> RM-4010 | B11: =Formula!B11 -> Water | C11: =Formula!G11 -> 3.5705 | D11: =ROUND($C11/100*Specs!V11,4) -> 0 | E11: =ROUND($C11/100*Specs!W11,4) -> 0 | F11: =ROUND($C11/100*Specs!X11,4) -> 0 | G11: =ROUND($C11/100*Specs!Y11,4) -> 0 | H11: =ROUND($C11/100*Specs!Z11,4) -> 0 | I11: =ROUND($C11/100*Specs!AA11,4) -> 0 | J11: =ROUND($C11/100*Specs!AB11,4) -> 0 | K11: =ROUND($C11/100*Specs!AC11,4) -> 0 | ... R11: =ROUND($C11/100*Specs!AJ11,4) -> 0
A12: =Formula!A12 -> RM-4102 | B12: =Formula!B12 -> High oleic sunflower oil | C12: =Formula!G12 -> 1.566 | D12: =ROUND($C12/100*Specs!V12,4) -> 13.8434 | E12: =ROUND($C12/100*Specs!W12,4) -> 1.566 | F12: =ROUND($C12/100*Specs!X12,4) -> 0.1331 | G12: =ROUND($C12/100*Specs!Y12,4) -> 0 | H12: =ROUND($C12/100*Specs!Z12,4) -> 0 | I12: =ROUND($C12/100*Specs!AA12,4) -> 0 | J12: =ROUND($C12/100*Specs!AB12,4) -> 0 | K12: =ROUND($C12/100*Specs!AC12,4) -> 0 | ... R12: =ROUND($C12/100*Specs!AJ12,4) -> 0
A13: =Formula!A13 -> RM-5020 | B13: =Formula!B13 -> Vanilla extract | C13: =Formula!G13 -> 0.6107 | D13: =ROUND($C13/100*Specs!V13,4) -> 1.7588 | E13: =ROUND($C13/100*Specs!W13,4) -> 0.0006 | F13: =ROUND($C13/100*Specs!X13,4) -> 0 | G13: =ROUND($C13/100*Specs!Y13,4) -> 0 | H13: =ROUND($C13/100*Specs!Z13,4) -> 0 | I13: =ROUND($C13/100*Specs!AA13,4) -> 0.055 | J13: =ROUND($C13/100*Specs!AB13,4) -> 0.0776 | K13: =ROUND($C13/100*Specs!AC13,4) -> 0 | ... R13: =ROUND($C13/100*Specs!AJ13,4) -> 0.9038
A14: =Formula!A14 -> RM-5031 | B14: =Formula!B14 -> Ground cinnamon | C14: =Formula!G14 -> 0.3289 | D14: =ROUND($C14/100*Specs!V14,4) -> 0.8124 | E14: =ROUND($C14/100*Specs!W14,4) -> 0.0039 | F14: =ROUND($C14/100*Specs!X14,4) -> 0.001 | G14: =ROUND($C14/100*Specs!Y14,4) -> 0 | H14: =ROUND($C14/100*Specs!Z14,4) -> 0 | I14: =ROUND($C14/100*Specs!AA14,4) -> 0.0329 | J14: =ROUND($C14/100*Specs!AB14,4) -> 0.2651 | K14: =ROUND($C14/100*Specs!AC14,4) -> 0.1746 | ... R14: =ROUND($C14/100*Specs!AJ14,4) -> 1.4176
A15: =Formula!A15 -> RM-5040 | B15: =Formula!B15 -> Sea salt | C15: =Formula!G15 -> 0.3132 | D15: =ROUND($C15/100*Specs!V15,4) -> 0 | E15: =ROUND($C15/100*Specs!W15,4) -> 0 | F15: =ROUND($C15/100*Specs!X15,4) -> 0 | G15: =ROUND($C15/100*Specs!Y15,4) -> 0 | H15: =ROUND($C15/100*Specs!Z15,4) -> 0 | I15: =ROUND($C15/100*Specs!AA15,4) -> 121.3901 | J15: =ROUND($C15/100*Specs!AB15,4) -> 0 | K15: =ROUND($C15/100*Specs!AC15,4) -> 0 | ... R15: =ROUND($C15/100*Specs!AJ15,4) -> 0.0251
A16: =Formula!A16 -> RM-5055 | B16: =Formula!B16 -> Soy lecithin | C16: =Formula!G16 -> 0.1879 | D16: =ROUND($C16/100*Specs!V16,4) -> 1.4337 | E16: =ROUND($C16/100*Specs!W16,4) -> 0.1879 | F16: =ROUND($C16/100*Specs!X16,4) -> 0.0282 | G16: =ROUND($C16/100*Specs!Y16,4) -> 0 | H16: =ROUND($C16/100*Specs!Z16,4) -> 0 | I16: =ROUND($C16/100*Specs!AA16,4) -> 0 | J16: =ROUND($C16/100*Specs!AB16,4) -> 0 | K16: =ROUND($C16/100*Specs!AC16,4) -> 0 | ... R16: =ROUND($C16/100*Specs!AJ16,4) -> 0
A17: Per serving, unrounded | C17: =ROUND(SUM(C4:C16),4) -> 46.98 | D17: =SUM(D4:D16) -> 176.1059 | E17: =SUM(E4:E16) -> 6.1716 | F17: =SUM(F4:F16) -> 0.4981 | G17: =SUM(G4:G16) -> 0 | H17: =SUM(H4:H16) -> 0 | I17: =SUM(I4:I16) -> 138.3824 | J17: =SUM(J4:J16) -> 27.3355 | K17: =SUM(K4:K16) -> 2.8233 | ... R17: =SUM(R4:R16) -> 127.8298
A18: Per reference amount, unrounded | D18: =ROUND(D17*Parameters!$B$4/Parameters!$B$5,4) -> 167.7199 | E18: =ROUND(E17*Parameters!$B$4/Parameters!$B$5,4) -> 5.8777 | F18: =ROUND(F17*Parameters!$B$4/Parameters!$B$5,4) -> 0.4744 | G18: =ROUND(G17*Parameters!$B$4/Parameters!$B$5,4) -> 0 | H18: =ROUND(H17*Parameters!$B$4/Parameters!$B$5,4) -> 0 | I18: =ROUND(I17*Parameters!$B$4/Parameters!$B$5,4) -> 131.7928 | J18: =ROUND(J17*Parameters!$B$4/Parameters!$B$5,4) -> 26.0338 | K18: =ROUND(K17*Parameters!$B$4/Parameters!$B$5,4) -> 2.6889 | ... R18: =ROUND(R17*Parameters!$B$4/Parameters!$B$5,4) -> 121.7427
A20: Grams per serving, the per-100 g specification values and each contribution are carried to four decimal places, and the per serving totals are the sums of the contributions rounded to four decimal places; the per reference amount row scales the per serving total by 40 over 42.

Sheet Rounding
A1: Declared values under SOP QA-14 section 2 and percent daily values under section 3, beside the unrounded figures
A3: Line | B3: Unit | C3: Unrounded per serving | D3: Rounding rule applied | E3: Declared | F3: Daily value | G3: Percent daily value | H3: Percent from unrounded
A4: Calories | C4: =Nutrients!D17 -> 176.1059 | D4: 2.1: under 5 is 0; 5 to 50 to the nearest 5; above 50 to the nearest 10 | E4: =IF(C4<5,0,IF(C4<=50,ROUND(C4/5,0)*5,ROUND(C4/10,0)*10)) -> 180
A5: Total Fat | B5: g | C5: =Nutrients!E17 -> 6.1716 | D5: 2.2: under 0.5 is 0; under 5 to the nearest 0.5; 5 or more to the nearest 1 | E5: =IF(C5<0.5,0,IF(C5<5,ROUND(C5/0.5,0)*0.5,ROUND(C5,0))) -> 6 | F5: =Parameters!B17 -> 78 | G5: =IF(ISNUMBER(E5),ROUND(E5/F5,2),ROUND(C5/F5,2)) -> 0.08 | H5: =ROUND(C5/F5,3) -> 0.079
A6: Saturated Fat | B6: g | C6: =Nutrients!F17 -> 0.4981 | D6: 2.2: under 0.5 is 0; under 5 to the nearest 0.5; 5 or more to the nearest 1 | E6: =IF(C6<0.5,0,IF(C6<5,ROUND(C6/0.5,0)*0.5,ROUND(C6,0))) -> 0 | F6: =Parameters!B18 -> 20 | G6: =IF(ISNUMBER(E6),ROUND(E6/F6,2),ROUND(C6/F6,2)) -> 0 | H6: =ROUND(C6/F6,3) -> 0.025
A7: Trans Fat | B7: g | C7: =Nutrients!G17 -> 0 | D7: 2.2: under 0.5 is 0; under 5 to the nearest 0.5; 5 or more to the nearest 1 | E7: =IF(C7<0.5,0,IF(C7<5,ROUND(C7/0.5,0)*0.5,ROUND(C7,0))) -> 0
A8: Cholesterol | B8: mg | C8: =Nutrients!H17 -> 0 | D8: 2.3: under 2 is 0; 2 to 5 is less than 5; above 5 to the nearest 5 | E8: =IF(C8<2,0,IF(C8<=5,"less than 5",ROUND(C8/5,0)*5)) -> 0 | F8: =Parameters!B19 -> 300 | G8: =IF(ISNUMBER(E8),ROUND(E8/F8,2),ROUND(C8/F8,2)) -> 0 | H8: =ROUND(C8/F8,3) -> 0
A9: Sodium | B9: mg | C9: =Nutrients!I17 -> 138.3824 | D9: 2.4: under 5 is 0; 5 to 140 to the nearest 5; above 140 to the nearest 10 | E9: =IF(C9<5,0,IF(C9<=140,ROUND(C9/5,0)*5,ROUND(C9/10,0)*10)) -> 140 | F9: =Parameters!B20 -> 2300 | G9: =IF(ISNUMBER(E9),ROUND(E9/F9,2),ROUND(C9/F9,2)) -> 0.06 | H9: =ROUND(C9/F9,3) -> 0.06
A10: Total Carbohydrate | B10: g | C10: =Nutrients!J17 -> 27.3355 | D10: 2.5: under 0.5 is 0; 0.5 to under 1 is less than 1; 1 or more to the nearest 1 | E10: =IF(C10<0.5,0,IF(C10<1,"less than 1",ROUND(C10,0))) -> 27 | F10: =Parameters!B21 -> 275 | G10: =IF(ISNUMBER(E10),ROUND(E10/F10,2),ROUND(C10/F10,2)) -> 0.1 | H10: =ROUND(C10/F10,3) -> 0.099
A11: Dietary Fiber | B11: g | C11: =Nutrients!K17 -> 2.8233 | D11: 2.5: under 0.5 is 0; 0.5 to under 1 is less than 1; 1 or more to the nearest 1 | E11: =IF(C11<0.5,0,IF(C11<1,"less than 1",ROUND(C11,0))) -> 3 | F11: =Parameters!B22 -> 28 | G11: =IF(ISNUMBER(E11),ROUND(E11/F11,2),ROUND(C11/F11,2)) -> 0.11 | H11: =ROUND(C11/F11,3) -> 0.101
A12: Total Sugars | B12: g | C12: =Nutrients!L17 -> 9.49 | D12: 2.5: under 0.5 is 0; 0.5 to under 1 is less than 1; 1 or more to the nearest 1 | E12: =IF(C12<0.5,0,IF(C12<1,"less than 1",ROUND(C12,0))) -> 9
A13: Includes Added Sugars | B13: g | C13: =Nutrients!M17 -> 7.929 | D13: 2.5: under 0.5 is 0; 0.5 to under 1 is less than 1; 1 or more to the nearest 1 | E13: =IF(C13<0.5,0,IF(C13<1,"less than 1",ROUND(C13,0))) -> 8 | F13: =Parameters!B23 -> 50 | G13: =IF(ISNUMBER(E13),ROUND(E13/F13,2),ROUND(C13/F13,2)) -> 0.16 | H13: =ROUND(C13/F13,3) -> 0.159
A14: Protein | B14: g | C14: =Nutrients!N17 -> 3.7346 | D14: 2.5: under 0.5 is 0; 0.5 to under 1 is less than 1; 1 or more to the nearest 1 | E14: =IF(C14<0.5,0,IF(C14<1,"less than 1",ROUND(C14,0))) -> 4 | F14: =Parameters!B24 -> 50 | G14: =IF(ISNUMBER(E14),ROUND(E14/F14,2),ROUND(C14/F14,2)) -> 0.08 | H14: =ROUND(C14/F14,3) -> 0.075
A15: Vitamin D | B15: mcg | C15: =Nutrients!O17 -> 0 | D15: 2.6: nearest 0.1 mcg; under 2% of the daily value is 0 | E15: =IF(C15/F15<0.02,0,ROUND(C15,1)) -> 0 | F15: =Parameters!B25 -> 20 | G15: =IF(ISNUMBER(E15),ROUND(E15/F15,2),ROUND(C15/F15,2)) -> 0 | H15: =ROUND(C15/F15,3) -> 0
A16: Calcium | B16: mg | C16: =Nutrients!P17 -> 25.3889 | D16: 2.6: nearest 10 mg; under 2% of the daily value is 0 | E16: =IF(C16/F16<0.02,0,ROUND(C16/10,0)*10) -> 0 | F16: =Parameters!B26 -> 1300 | G16: =IF(ISNUMBER(E16),ROUND(E16/F16,2),ROUND(C16/F16,2)) -> 0 | H16: =ROUND(C16/F16,3) -> 0.02
A17: Iron | B17: mg | C17: =Nutrients!Q17 -> 1.0002 | D17: 2.6: nearest 0.1 mg; under 2% of the daily value is 0 | E17: =IF(C17/F17<0.02,0,ROUND(C17,1)) -> 1 | F17: =Parameters!B27 -> 18 | G17: =IF(ISNUMBER(E17),ROUND(E17/F17,2),ROUND(C17/F17,2)) -> 0.06 | H17: =ROUND(C17/F17,3) -> 0.056
A18: Potassium | B18: mg | C18: =Nutrients!R17 -> 127.8298 | D18: 2.6: nearest 10 mg; under 2% of the daily value is 0 | E18: =IF(C18/F18<0.02,0,ROUND(C18/10,0)*10) -> 130 | F18: =Parameters!B28 -> 4700 | G18: =IF(ISNUMBER(E18),ROUND(E18/F18,2),ROUND(C18/F18,2)) -> 0.03 | H18: =ROUND(C18/F18,3) -> 0.027
A20: Percent daily value is computed from the declared, rounded amount and shown to the nearest whole percent, per SOP 3.1; the last column shows the unrounded share for reference only.

Sheet Ingredient Statement
A1: Ingredient statement assembled in descending order of formula weight under SOP 4.1, with the Contains statement under 4.2
A3: ORDER | B3: DECLARED_NAME | C3: BATCH_KG | D3: SUB_INGREDIENTS | E3: LISTED_AS | F3: ALLERGEN
A4: 1 | B4: =Formula!E4 -> whole grain rolled oats | C4: =Formula!C4 -> 37.8 | D4: =IF(Formula!F4="","",Formula!F4) | E4: =IF(D4="",B4,B4&" ("&D4&")") -> whole grain rolled oats
A5: 2 | B5: =Formula!E5 -> brown rice syrup | C5: =Formula!C5 -> 17.4 | D5: =IF(Formula!F5="","",Formula!F5) | E5: =IF(D5="",B5,B5&" ("&D5&")") -> brown rice syrup
A6: 3 | B6: =Formula!E6 -> crisp rice | C6: =Formula!C6 -> 12 | D6: =IF(Formula!F6="","",Formula!F6) -> rice, sugar, barley malt extract, salt | E6: =IF(D6="",B6,B6&" ("&D6&")") -> crisp rice (rice, sugar, barley malt extract, salt)
A7: 4 | B7: =Formula!E7 -> clover honey | C7: =Formula!C7 -> 10.2 | D7: =IF(Formula!F7="","",Formula!F7) | E7: =IF(D7="",B7,B7&" ("&D7&")") -> clover honey
A8: 5 | B8: =Formula!E8 -> infused dried cherries | C8: =Formula!C8 -> 9.6 | D8: =IF(Formula!F8="","",Formula!F8) -> tart cherries, sugar, sunflower oil | E8: =IF(D8="",B8,B8&" ("&D8&")") -> infused dried cherries (tart cherries, sugar, sunflower oil)
A9: 6 | B9: =Formula!E9 -> roasted almond butter | C9: =Formula!C9 -> 8.4 | D9: =IF(Formula!F9="","",Formula!F9) | E9: =IF(D9="",B9,B9&" ("&D9&")") -> roasted almond butter | F9: almonds
A10: 7 | B10: =Formula!E10 -> sliced almonds | C10: =Formula!C10 -> 7.8 | D10: =IF(Formula!F10="","",Formula!F10) | E10: =IF(D10="",B10,B10&" ("&D10&")") -> sliced almonds | F10: almonds
A11: 8 | B11: =Formula!E12 -> high oleic sunflower oil | C11: =Formula!C12 -> 4 | D11: =IF(Formula!F12="","",Formula!F12) | E11: =IF(D11="",B11,B11&" ("&D11&")") -> high oleic sunflower oil
A12: 9 | B12: =Formula!E13 -> vanilla extract | C12: =Formula!C13 -> 1.56 | D12: =IF(Formula!F13="","",Formula!F13) -> vanilla bean extractives in water and alcohol, sugar, natural flavor | E12: =IF(D12="",B12,B12&" ("&D12&")") -> vanilla extract (vanilla bean extractives in water and alcohol, sugar, natural flavor)
A13: 10 | B13: =Formula!E14 -> ground cinnamon | C13: =Formula!C14 -> 0.84 | D13: =IF(Formula!F14="","",Formula!F14) | E13: =IF(D13="",B13,B13&" ("&D13&")") -> ground cinnamon
A14: 11 | B14: =Formula!E15 -> sea salt | C14: =Formula!C15 -> 0.8 | D14: =IF(Formula!F15="","",Formula!F15) -> sea salt, calcium silicate | E14: =IF(D14="",B14,B14&" ("&D14&")") -> sea salt (sea salt, calcium silicate)
A15: 12 | B15: =Formula!E16 -> soy lecithin | C15: =Formula!C16 -> 0.48 | D15: =IF(Formula!F16="","",Formula!F16) | E15: =IF(D15="",B15,B15&" ("&D15&")") -> soy lecithin | F15: soy
A17: Ingredient statement | B17: =UPPER(LEFT(E4&", "&E5&", "&E6&", "&E7&", "&E8&", "&E9&", "&E10&", "&E11&", "&E12&", "&E13&", "&E14&", "&E15,1))&MID(E4&", "&E5&", "&E6&", "&E7&", "&E8&", "&E9&", "&E10&", "&E11&", "&E12&", "&E13&", "&E14&", "&E15,2,900)&"." -> Whole grain rolled oats, brown rice syrup, crisp rice (rice, sugar, barley malt extract, salt), clover honey, infused dried cherries (tart cherries, sugar, sunflower oil), roasted almond butter, sliced almonds, high oleic sunflower oil, vanilla extract (vanilla bean extractives in water and alcohol, sugar, natural flavor), ground cinnamon, sea salt (sea salt, calcium silicate), soy lecithin.
A18: Contains statement | B18: ="Contains: "&IF(COUNTIF(F4:F15,"almonds")>0,"almonds","")&IF(COUNTIF(F4:F15,"soy")>0,", soy","")&"." -> Contains: almonds, soy.
A19: Ingredients declared | B19: =COUNTA(B4:B15) -> 12
A21: Water is left off under SOP 4.1 because it is removed in the bake. The almonds are named as the specific tree nut under 4.2, and the soy lecithin carries the soy declaration. The barley malt extract in the crisp rice is a gluten source and not a major food allergen, and specification S-1187 states that none is present in the product, so the Contains statement stays at almonds and soy. Specification S-3120 states the almond butter as dry roasted almonds alone, so it prints as a single ingredient. Specification S-5020 revision 2 lists three sub-ingredients for the vanilla extract, so it prints as a compound ingredient despite the brief's line on compound items. Specification S-5040 lists calcium silicate after the sea salt, so the salt prints as a compound ingredient as well.

Sheet Claims
A1: Each claim in the product brief tested under SOP QA-14 section 5 on the unrounded amount per reference amount and per serving
A2: Fiber is shown as percent of the daily value; sodium in mg to a tenth; whole grain and cherries in grams per serving to a hundredth.
A3: Claim | B3: Test | C3: Threshold | D3: Per reference amount | E3: Per serving | F3: Result | G3: Basis
A4: Good source of fiber | B4: Fiber as percent of the 28 g daily value, both bases at or above the threshold | C4: =Parameters!$B$11*100 -> 10 | D4: =ROUND(Nutrients!K18/Parameters!B22*100,1) -> 9.6 | E4: =ROUND(Nutrients!K17/Parameters!B22*100,1) -> 10.1 | F4: =IF(AND(D4>=C4,E4>=C4),"Supported","Not supported") -> Not supported | G4: SOP 5.1; the panel declares 3 g at 11% because the declared value rounds up from 2.815 g, but the claim is tested on the unrounded amount on both bases
A5: Low sodium | B5: Sodium in mg, both bases at or below the ceiling | C5: =Parameters!$B$13 -> 140 | D5: =ROUND(Nutrients!I18,1) -> 131.8 | E5: =ROUND(Nutrients!I17,1) -> 138.4 | F5: =IF(AND(D5<=C5,E5<=C5),"Supported","Not supported") -> Supported | G5: SOP 5.1 and 5.2; specification S-2210 revision 3 at 2 mg of sodium per 100 g governs the syrup, and on the nutrient sheet row or on a bar-count yield the serving would exceed the ceiling
A6: Made with whole grain oats | B6: Grams of whole grain rolled oats per serving at or above the floor | C6: =Parameters!$B$14 -> 15 | E6: =ROUND(Formula!G4,2) -> 14.8 | F6: =IF(E6>=C6,"Supported","Not supported") -> Not supported | G6: SOP 5.3, a company statement; the oats alone are counted, and the brown rice syrup, made from whole grain brown rice per S-2210, is a derivative the rule excludes
A7: No artificial flavors | B7: No artificial flavor in the formula | F7: =IF(COUNTIF(Formula!B4:B16,"*artificial*")=0,"Supported","Not supported") -> Supported | G7: Formula OCB-26-03 carries vanilla extract and barley malt extract as its only flavorings; specification S-5020 states natural vanillin and a natural flavor with no artificial flavor
A8: No added sugar | B8: No sugar, syrup, honey or other sugar-bearing ingredient added | E8: =Rounding!E13 -> 8 | F8: =IF(E8>0,"Not supported","Supported") -> Not supported | G8: SOP 5.2; brown rice syrup, honey, sugar-infused cherries, the sweetened vanilla extract and the sugar in the crisp rice are added, and the panel declares the added sugars shown
A9: Real fruit | B9: A fruit ingredient present in the formula | E9: =ROUND(Formula!G8,2) -> 3.76 | F9: =IF(E9>0,"Supported","Not supported") -> Supported | G9: Dried tart cherries per specification S-3301, grams per serving shown; a company statement
A11: Claims supported | B11: =COUNTIF(F4:F9,"Supported") -> 3
A12: Claims not supported | B12: =COUNTIF(F4:F9,"Not supported") -> 3
A14: Per reference amount is the 40 g reference amount customarily consumed; per serving is the 42 g bar. Section 5.1 requires both to pass.

Sheet Inventory Check
A1: Launch inventory check: whether the panel, the ingredient statement and the low sodium flag hold for every crisp rice lot on hand
A3: Lot group | B3: Pack dates | C3: Quantity (kg) | D3: S-1187 revision | E3: Sodium per 30 g serving (mg) | F3: Sub-ingredients declared
A4: Pilot and later lots | B4: November and December 2025 | C4: 4200 | D4: 7 | E4: 96 | F4: rice, sugar, barley malt extract, salt
A5: September 2025 lots | B5: September 2025 | C5: 1800 | D5: 6 | E5: 140 | F5: rice, sugar, salt, malt flavor
A6: Sources: the product brief's receiving log line, S-1187 revision 7 and its note on revision 6
A7: Measure | B7: Pilot and later lots | C7: September 2025 lots
A8: Sodium per serving (mg) | B8: =Nutrients!I17 -> 138.3824 | C8: =ROUND(Nutrients!I17-Nutrients!I6+ROUND(Nutrients!C6/100*ROUND(E5/30*100,4),4),4) -> 145.2728
A9: Sodium declared (mg) | B9: =Rounding!E9 -> 140 | C9: =IF(C8<5,0,IF(C8<=140,ROUND(C8/5,0)*5,ROUND(C8/10,0)*10)) -> 150
A10: Low sodium, per serving against the ceiling | B10: =IF(B8<=Parameters!B13,"Supported","Not supported") -> Supported | C10: =IF(C8<=Parameters!B13,"Supported","Not supported") -> Not supported
A11: Crisp rice as it prints | B11: ='Ingredient Statement'!E6 -> crisp rice (rice, sugar, barley malt extract, salt) | C11: ="crisp rice ("&F5&")" -> crisp rice (rice, sugar, salt, malt flavor)
A13: Panel holds for all launch inventory | B13: =IF(C9=B9,"Yes","No") -> No
A14: Ingredient statement holds for all launch inventory | B14: =IF(C11=B11,"Yes","No") -> No
A15: Low sodium flag holds for all launch inventory | B15: =IF(AND(B10="Supported",C10="Supported"),"Yes","No") -> No
A17: Revision 7 governs the pilot and the lots packed after October 1, 2025. The September 2025 lots carry the revision 6 declaration and the revision 6 sodium stated in the S-1187 note on the superseded revision, and the sodium per serving on those lots replaces the crisp rice contribution alone, every other ingredient unchanged.

Sheet Note to Priya
A1: Note to Priya Raman on the Oat and Cherry Bar label review
A3: Priya, this is the label review for the Oat and Cherry Bar, formula OCB-26-03. The panel on the first tab is what prints, and every declared value on it reads from the Rounding tab, which reads from the Nutrients tab, which reads from the Formula and Specs tabs; nothing on the panel is typed in. The serving is one bar at the 42 gram target net weight under SOP QA-14 section 1.3, not the 42.1 gram pilot average, and one bar is one serving because 42 grams sits between 67 and 200 percent of the 40 gram reference amount. The yield rests on the scale ticket net of trim, 107.28 kg, under section 1.1. The 2,520 bars cut times the target weight give 105,840 g, and that figure is not the yield basis; on it the sodium per serving would cross the ceiling.
A4: Two things in the inputs change the numbers beyond the specification revisions below, and they are worth knowing before legal asks. The nutrient sheet marks the crisp rice and the almond butter as stated per serving and gives no serving weight. Specification S-1187 states the crisp rice per 30 g serving, and specification S-3120 states the almond butter per 32 g serving. The Specs tab converts both to 100 g before use; taken as per 100 g they would understate the sodium from the crisp rice and the fat from the almond butter by more than two thirds. The pilot batch lost 12.72 kg in the bake, so every nutrient is carried into a finished batch weight of 107.28 kg at a yield of 0.8940. A bar at 42 grams carries the nutrients of 46.98 grams of formula.
A5: The nutrient sheet is out of date against three specifications in force, and section 1.2 says the specification in force governs. Its cherries row is still S-3301 revision 4, with total sugars at 58.0 g per 100 g and no added sugars figure; revision 5 puts 30.0 g of the 60.0 g of sugars per 100 g as added, the sucrose taken up in the infusion. Its brown rice syrup row is still S-2210 revision 2 at 43 mg of sodium per 100 g, and revision 3 states 2 mg after the plant move. Its vanilla extract row is still S-5020 revision 1 with no added sugar, and revision 2 states 12.7 g of added sugar per 100 g. With the syrup, the honey, the cherries and the vanilla the bar carries 7.929 g of added sugars unrounded, declared as 8 g at 16 percent of the daily value, against 9.490 g of total sugars declared as 9 g. Taken from the nutrient sheet rows, the added sugars line would print 7 g, and the sodium per serving would exceed 140 mg. The percent daily values are computed from the declared, rounded amount under section 3.1, which is why the added sugars line shows 16 percent and not 15.9.
A6: The ingredient statement lists twelve ingredients in descending order of formula weight with water left off under section 4.1, each under its common name on the formula, and it reads: Whole grain rolled oats, brown rice syrup, crisp rice (rice, sugar, barley malt extract, salt), clover honey, infused dried cherries (tart cherries, sugar, sunflower oil), roasted almond butter, sliced almonds, high oleic sunflower oil, vanilla extract (vanilla bean extractives in water and alcohol, sugar, natural flavor), ground cinnamon, sea salt (sea salt, calcium silicate), soy lecithin. Four compound ingredients carry the sub-ingredients their specifications list, S-1187 revision 7 for the crisp rice, S-3301 revision 5 for the cherries, S-5020 revision 2 for the vanilla extract and S-5040 revision 1 for the sea salt. Purchasing's line in the brief that the cherries and the crisp rice are the only compound items does not hold on two counts: S-5020 describes a two-fold extract with sugar and a natural flavor, and S-5040 lists calcium silicate as an anticaking agent after the salt. The Contains statement reads Contains almonds and soy; the barley malt extract in the crisp rice is a gluten source and not a major food allergen, and S-1187 states that none is present in the product.
A7: On the claims. Good source of fiber is not supported, and it is close. The panel declares 3 g of fiber at 11 percent of the daily value, because the declared value rounds up from 2.823 g, but section 5.1 tests the claim on the unrounded amount per reference amount and per serving. The bar carries 2.823 g per 42 gram serving, which is 10.1 percent of the daily value and clears. It carries 2.689 g per 40 g reference amount, which is 9.6 percent and does not, and section 5.1 requires both bases. Low sodium is supported at 131.8 mg per reference amount and 138.4 mg per serving against the 140 mg ceiling. It holds only because the syrup is read at revision 3 and the yield at the scale ticket; on the nutrient sheet's 43 mg or on the bar-count weight the serving would exceed the ceiling.
A8: Made with whole grain oats is not supported. The oats alone carry 14.80 g of whole grain into the bar against the 15 gram floor in section 5.3, and the brown rice syrup, which S-2210 describes as made from whole grain brown rice, is a derivative of a whole grain that section 5.3 excludes; counted in, it would lift the figure to 21.61 g, and that is the reading section 5.3 forbids. No artificial flavors is supported; the flavorings in the formula are the vanilla extract, which specification S-5020 states carries natural vanillin and a natural flavor only, and the barley malt extract inside the crisp rice. Real fruit is supported on the dried tart cherries, 3.76 g per bar. No added sugar is not supported and cannot be: the formula adds brown rice syrup, honey, sugar-infused cherries, a sweetened vanilla extract and a crisp rice that carries sugar of its own, and the panel declares 8 g of added sugars, so section 5.2 rules the flag out however it is worded. Two lines sit on a boundary. Calcium prints as 0 mg at 0 percent: the bar carries 25.389 mg, which is 1.95 percent of the daily value, and section 2.6 makes the 2 percent test on the unrounded amount before rounding; rounded first it would print 30 mg at 2 percent. Saturated fat prints as 0 g: the bar carries 0.498 g, under the 0.5 gram line in section 2.2 by two thousandths of a gram, so any rounding before the final sum would print 0.5 g.
A9: Things for you to decide or take to a supplier before the copy locks. First, the fiber claim comes off the front panel unless product development reopens the frozen formula; it clears per serving and misses per reference amount by 0.11 g, so a small lift in the oats would carry it. Second, the no added sugar flag comes off; the sales lead should hear the 8 g figure rather than a softer claim. Third, the whole grain statement comes off as the formula stands, 0.20 g short of the floor on the oats alone. Fourth, the September 2025 crisp rice lots: purchasing's receiving log puts 1,800 kg of the launch inventory in lots packed under revision 6, which carry the declaration rice, sugar, salt, malt flavor and 140 mg of sodium per 30 g. On those lots the bar carries 145.3 mg of sodium per serving, the panel would print 150 mg, the statement would read malt flavor, and the low sodium flag fails, so none of the three holds for all launch inventory. Those lots either go to another product or the wrapper waits for them to be used up, and that is your call with purchasing. Fifth, purchasing should reissue the nutrient sheet with the cherries, the syrup and the vanilla at their revisions in force and with the serving weights beside the two per serving rows, and correct the brief's line on compound items for the vanilla and the salt. Sixth, the Contains statement rests on the formula and the specifications, and wheat, barley and peanuts do not belong in it. S-1187 says the crisp rice packing line also runs a wheat flake cereal, and S-3120 says the almond butter line runs peanut butter on alternate weeks. QA should decide whether a shared-line advisory prints under the Contains statement before the wrapper goes. The workbook cites every specification revision it used on the Specs tab.
