Workbook

Sheet Summary
A1: ASSISTANT MANAGER EXEMPTION REVIEW, OCTOBER 2026
A2: Voss-Kettering Supply Company, stores 14, 22 and 31. Look-back of 104 workweeks ending September 27, 2026, two years from the demand letter of October 2, 2026, worked under policies 4.6 through 4.9 and the badge record.
A4: CLASSIFICATION BY ASSISTANT MANAGER
A5: ASSISTANT MANAGER | B5: STORE | C5: WEEKLY SALARY NOW | D5: SALARY TEST | E5: FULL-TIME EQUIVALENTS DIRECTED | F5: DUTIES TEST | G5: CLASSIFICATION | H5: GROUND
A6: Kendra Voight | B6: 14 | C6: 800 | D6: =IF(C6>=Parameters!$B$4,"Met","Not met") -> Met | E6: 1.5 | F6: =IF(E6>=Parameters!$B$5,"Met","Not met") -> Not met | G6: Non-exempt | H6: Directs 1.5 full-time equivalents at store 14 against the two required; hiring runs through the district manager
A7: Marcus Dellinger | B7: 22 | C7: 675 | D7: =IF(C7>=Parameters!$B$4,"Met","Not met") -> Not met | E7: 2.5 | F7: =IF(E7>=Parameters!$B$5,"Met","Not met") -> Met | G7: Non-exempt | H7: Weekly salary of $675.00 is below the $684.00 salary test; directs 2.5 full-time equivalents
A8: Priya Natarajan | B8: 31 | C8: 850 | D8: =IF(C8>=Parameters!$B$4,"Met","Not met") -> Met | E8: 4 | F8: =IF(E8>=Parameters!$B$5,"Met","Not met") -> Met | G8: Exempt | H8: Salary above the test; directs 3 full-time and 2 part-time associates and her hiring recommendations are followed
A10: LOOK-BACK AND BACK OVERTIME
A11: ASSISTANT MANAGER | B11: WORKWEEKS WORKED | C11: WORKWEEKS OVER 40 HOURS | D11: OVERTIME HOURS | E11: BACK OVERTIME OWED | F11: LIQUIDATED DAMAGES EXPOSURE | G11: TOTAL EXPOSURE, TWO YEARS
A12: Kendra Voight | B12: =Hours!D110 -> 101 | C12: =Hours!D111 -> 101 | D12: =Hours!G109 -> 1054.08 | E12: ='Weekly Voight'!I109 -> 32685.45 | F12: =E12 -> 32685.45 | G12: =SUM(E12:F12) -> 65370.9
A13: Marcus Dellinger | B13: =Hours!E110 -> 102 | C13: =Hours!E111 -> 82 | D13: =Hours!H109 -> 279.08 | E13: ='Weekly Dellinger'!I109 -> 7224.63 | F13: =E13 -> 7224.63 | G13: =SUM(E13:F13) -> 14449.26
A14: Priya Natarajan | B14: =Hours!F110 -> 102 | C14: =Hours!F111 -> 102 | D14: =Hours!I109 -> 674.38 | E14: 0 | F14: 0 | G14: 0
A15: Company total | E15: =SUM(E12:E14) -> 39910.08 | F15: =SUM(F12:F14) -> 39910.08 | G15: =SUM(G12:G14) -> 79820.16
A17: THE DEMAND LETTER AGAINST THE REVIEW, KENDRA VOIGHT
A18: ITEM | B18: DEMAND LETTER | C18: THIS REVIEW
A19: Overtime hours per week worked | B19: =Parameters!$B$13 -> 12 | C19: =ROUND(D12/B12,2) -> 10.44
A20: Regular rate, before bonus | B20: =Parameters!$B$12 -> 20 | C20: =ROUND(C6/Parameters!$B$7,2) -> 20
A21: Unpaid overtime, two years | B21: =Parameters!$B$14 -> 37440 | C21: =E12 -> 32685.45
A22: With liquidated damages | B22: =Parameters!$B$15 -> 74880 | C22: =G12 -> 65370.9
A23: Difference, letter less review, with liquidated damages | B23: =ROUND(B22-C22,2) -> 9509.1

Sheet Parameters
A1: Tests, policy parameters and the demand letter's figures, with sources
A3: PARAMETER | B3: VALUE | C3: SOURCE
A4: Salary test, minimum weekly salary | B4: 684 | C4: Policy 4.6
A5: Duties test, full-time employees directed | B5: 2 | C5: Policy 4.6
A6: Part-time associate as a share of full time | B6: 0.5 | C6: Policy 4.6, two half-time employees count as one
A7: Hours in the standard workweek the salary covers | B7: 40 | C7: Policy 4.7
A8: Overtime multiplier | B8: 1.5 | C8: Policy 4.7
A9: Workweeks per quarter for bonus allocation | B9: 13 | C9: Policy 4.8
A10: Look-back, workweeks | B10: 104 | C10: Wage and hour reference, two years from the claim of October 2, 2026
A11: Demand letter, weekly salary used | B11: 800 | C11: Demand letter of October 2, 2026
A12: Demand letter, regular rate | B12: 20 | C12: Demand letter of October 2, 2026
A13: Demand letter, overtime hours per week | B13: 12 | C13: Demand letter of October 2, 2026
A14: Demand letter, unpaid overtime claimed | B14: 37440 | C14: Demand letter of October 2, 2026
A15: Demand letter, total demand with liquidated damages | B15: 74880 | C15: Demand letter of October 2, 2026
A17: Weekly salary in effect by week, from the Salary History tab of payroll_history_am.xlsx
A18: EMPLOYEE | B18: WEEKLY SALARY BEFORE THE CHANGE | C18: WEEKLY SALARY FROM THE CHANGE | D18: FIRST WEEK ENDING AT THE NEW SALARY | E18: WEEK INDEX OF THE CHANGE
A19: Kendra Voight | B19: 760 | C19: 800 | D19: 01/12/2025 | E19: 15
A20: Marcus Dellinger | B20: 650 | C20: 675 | D20: 07/06/2025 | E20: 40
A21: Priya Natarajan | B21: 820 | C21: 850 | D21: 01/12/2025 | E21: 15

Sheet Bonuses
A1: Quarterly store performance bonuses, from the Bonus History tab of payroll_history_am.xlsx
A3: EMPLOYEE | B3: QUARTER | C3: BONUS PAID | D3: WEEKLY SHARE OVER 13 WORKWEEKS
A4: Kendra Voight | B4: Q4 2024 | C4: 612.5 | D4: =ROUND(C4/Parameters!$B$9,2) -> 47.12
A5: Kendra Voight | B5: Q1 2025 | C5: 0 | D5: =ROUND(C5/Parameters!$B$9,2) -> 0
A6: Kendra Voight | B6: Q2 2025 | C6: 540 | D6: =ROUND(C6/Parameters!$B$9,2) -> 41.54
A7: Kendra Voight | B7: Q3 2025 | C7: 487.5 | D7: =ROUND(C7/Parameters!$B$9,2) -> 37.5
A8: Kendra Voight | B8: Q4 2025 | C8: 655 | D8: =ROUND(C8/Parameters!$B$9,2) -> 50.38
A9: Kendra Voight | B9: Q1 2026 | C9: 0 | D9: =ROUND(C9/Parameters!$B$9,2) -> 0
A10: Kendra Voight | B10: Q2 2026 | C10: 590 | D10: =ROUND(C10/Parameters!$B$9,2) -> 45.38
A11: Kendra Voight | B11: Q3 2026 | C11: 522.5 | D11: =ROUND(C11/Parameters!$B$9,2) -> 40.19
A12: Marcus Dellinger | B12: Q4 2024 | C12: 380 | D12: =ROUND(C12/Parameters!$B$9,2) -> 29.23
A13: Marcus Dellinger | B13: Q1 2025 | C13: 415 | D13: =ROUND(C13/Parameters!$B$9,2) -> 31.92
A14: Marcus Dellinger | B14: Q2 2025 | C14: 0 | D14: =ROUND(C14/Parameters!$B$9,2) -> 0
A15: Marcus Dellinger | B15: Q3 2025 | C15: 442.5 | D15: =ROUND(C15/Parameters!$B$9,2) -> 34.04
... A27: Priya Natarajan | B27: Q3 2026 | C27: 798 | D27: =ROUND(C27/Parameters!$B$9,2) -> 61.38

Sheet Hours
A1: Weekly badge hours, workweeks ending October 6, 2024 through September 27, 2026, from badge_hours_weekly_2024_2026.csv
A2: The three side-by-side blocks of the badge file read back in block order into one column of 104 workweeks. A week with no badge hours is paid time off and is not a workweek worked (policy 4.9).
A4: WEEK INDEX | B4: WEEK ENDING | C4: QUARTER | D4: VOIGHT HOURS | E4: DELLINGER HOURS | F4: NATARAJAN HOURS | G4: VOIGHT OVERTIME HOURS | H4: DELLINGER OVERTIME HOURS | I4: NATARAJAN OVERTIME HOURS
A5: 1 | B5: 10/06/2024 | C5: Q4 2024 | D5: 45.65 | E5: 45.1 | F5: 43.66 | G5: =MAX(D5-Parameters!$B$7,0) -> 5.65 | H5: =MAX(E5-Parameters!$B$7,0) -> 5.1 | I5: =MAX(F5-Parameters!$B$7,0) -> 3.66
A6: 2 | B6: 10/13/2024 | C6: Q4 2024 | D6: 51.72 | E6: 40.14 | F6: 48.55 | G6: =MAX(D6-Parameters!$B$7,0) -> 11.72 | H6: =MAX(E6-Parameters!$B$7,0) -> 0.14 | I6: =MAX(F6-Parameters!$B$7,0) -> 8.55
A7: 3 | B7: 10/20/2024 | C7: Q4 2024 | D7: 51.09 | E7: 38.04 | F7: 50.11 | G7: =MAX(D7-Parameters!$B$7,0) -> 11.09 | H7: =MAX(E7-Parameters!$B$7,0) -> 0 | I7: =MAX(F7-Parameters!$B$7,0) -> 10.11
A8: 4 | B8: 10/27/2024 | C8: Q4 2024 | D8: 53.27 | E8: 41.14 | F8: 46.09 | G8: =MAX(D8-Parameters!$B$7,0) -> 13.27 | H8: =MAX(E8-Parameters!$B$7,0) -> 1.14 | I8: =MAX(F8-Parameters!$B$7,0) -> 6.09
A9: 5 | B9: 11/03/2024 | C9: Q4 2024 | D9: 54.94 | E9: 46.02 | F9: 51.99 | G9: =MAX(D9-Parameters!$B$7,0) -> 14.94 | H9: =MAX(E9-Parameters!$B$7,0) -> 6.02 | I9: =MAX(F9-Parameters!$B$7,0) -> 11.99
A10: 6 | B10: 11/10/2024 | C10: Q4 2024 | D10: 57.65 | E10: 47.69 | F10: 46.37 | G10: =MAX(D10-Parameters!$B$7,0) -> 17.65 | H10: =MAX(E10-Parameters!$B$7,0) -> 7.69 | I10: =MAX(F10-Parameters!$B$7,0) -> 6.37
A11: 7 | B11: 11/17/2024 | C11: Q4 2024 | D11: 47.22 | E11: 41.82 | F11: 46.02 | G11: =MAX(D11-Parameters!$B$7,0) -> 7.22 | H11: =MAX(E11-Parameters!$B$7,0) -> 1.82 | I11: =MAX(F11-Parameters!$B$7,0) -> 6.02
A12: 8 | B12: 11/24/2024 | C12: Q4 2024 | D12: 55.39 | E12: 46.24 | F12: 53.28 | G12: =MAX(D12-Parameters!$B$7,0) -> 15.39 | H12: =MAX(E12-Parameters!$B$7,0) -> 6.24 | I12: =MAX(F12-Parameters!$B$7,0) -> 13.28
A13: 9 | B13: 12/01/2024 | C13: Q4 2024 | D13: 56.43 | E13: 46.29 | F13: 53.42 | G13: =MAX(D13-Parameters!$B$7,0) -> 16.43 | H13: =MAX(E13-Parameters!$B$7,0) -> 6.29 | I13: =MAX(F13-Parameters!$B$7,0) -> 13.42
A14: 10 | B14: 12/08/2024 | C14: Q4 2024 | D14: 55.16 | E14: 42.74 | F14: 51.56 | G14: =MAX(D14-Parameters!$B$7,0) -> 15.16 | H14: =MAX(E14-Parameters!$B$7,0) -> 2.74 | I14: =MAX(F14-Parameters!$B$7,0) -> 11.56
A15: 11 | B15: 12/15/2024 | C15: Q4 2024 | D15: 56.05 | E15: 42.11 | F15: 46.34 | G15: =MAX(D15-Parameters!$B$7,0) -> 16.05 | H15: =MAX(E15-Parameters!$B$7,0) -> 2.11 | I15: =MAX(F15-Parameters!$B$7,0) -> 6.34
A16: 12 | B16: 12/22/2024 | C16: Q4 2024 | D16: 49.04 | E16: 39.95 | F16: 50.94 | G16: =MAX(D16-Parameters!$B$7,0) -> 9.04 | H16: =MAX(E16-Parameters!$B$7,0) -> 0 | I16: =MAX(F16-Parameters!$B$7,0) -> 10.94
... A108: 104 | B108: 09/27/2026 | C108: Q3 2026 | D108: 49.81 | E108: 43.49 | F108: 43.84 | G108: =MAX(D108-Parameters!$B$7,0) -> 9.81 | H108: =MAX(E108-Parameters!$B$7,0) -> 3.49 | I108: =MAX(F108-Parameters!$B$7,0) -> 3.84
A109: Totals | D109: =SUM(D5:D108) -> 5094.08 | E109: =SUM(E5:E108) -> 4339.72 | F109: =SUM(F5:F108) -> 4754.38 | G109: =SUM(G5:G108) -> 1054.08 | H109: =SUM(H5:H108) -> 279.08 | I109: =SUM(I5:I108) -> 674.38
A110: Workweeks worked (badge hours above zero) | D110: =COUNTIF(D5:D108,">0") -> 101 | E110: =COUNTIF(E5:E108,">0") -> 102 | F110: =COUNTIF(F5:F108,">0") -> 102
A111: Workweeks over 40 hours | D111: =COUNTIF(D5:D108,">40") -> 101 | E111: =COUNTIF(E5:E108,">40") -> 82 | F111: =COUNTIF(F5:F108,">40") -> 102

Sheet Weekly Voight
A1: Kendra Voight, store 14: back overtime week by week, October 6, 2024 through September 27, 2026
A2: Regular rate for the week is the weekly salary in effect plus the week's equal share of the quarterly bonus, divided by 40, rounded to the cent; overtime owed is one and one-half times that rate on the badge hours over 40, rounded to the cent per week (policy 4.7 and policy 4.8). A week with no badge hours is paid time off.
A4: WEEK INDEX | B4: WEEK ENDING | C4: QUARTER | D4: BADGE HOURS | E4: OVERTIME HOURS | F4: WEEKLY SALARY | G4: BONUS SHARE | H4: REGULAR RATE | I4: OVERTIME OWED
A5: =Hours!A5 -> 1 | B5: =Hours!B5 -> 10/06/2024 | C5: =Hours!C5 -> Q4 2024 | D5: =Hours!D5 -> 45.65 | E5: =Hours!G5 -> 5.65 | F5: =IF(A5>=Parameters!$E$19,Parameters!$C$19,Parameters!$B$19) -> 760 | G5: =SUMIFS(Bonuses!$D$4:$D$27,Bonuses!$A$4:$A$27,"Kendra Voight",Bonuses!$B$4:$B$27,C5) -> 47.12 | H5: =ROUND((F5+G5)/Parameters!$B$7,2) -> 20.18 | I5: =ROUND(Parameters!$B$8*H5*E5,2) -> 171.03
A6: =Hours!A6 -> 2 | B6: =Hours!B6 -> 10/13/2024 | C6: =Hours!C6 -> Q4 2024 | D6: =Hours!D6 -> 51.72 | E6: =Hours!G6 -> 11.72 | F6: =IF(A6>=Parameters!$E$19,Parameters!$C$19,Parameters!$B$19) -> 760 | G6: =SUMIFS(Bonuses!$D$4:$D$27,Bonuses!$A$4:$A$27,"Kendra Voight",Bonuses!$B$4:$B$27,C6) -> 47.12 | H6: =ROUND((F6+G6)/Parameters!$B$7,2) -> 20.18 | I6: =ROUND(Parameters!$B$8*H6*E6,2) -> 354.76
A7: =Hours!A7 -> 3 | B7: =Hours!B7 -> 10/20/2024 | C7: =Hours!C7 -> Q4 2024 | D7: =Hours!D7 -> 51.09 | E7: =Hours!G7 -> 11.09 | F7: =IF(A7>=Parameters!$E$19,Parameters!$C$19,Parameters!$B$19) -> 760 | G7: =SUMIFS(Bonuses!$D$4:$D$27,Bonuses!$A$4:$A$27,"Kendra Voight",Bonuses!$B$4:$B$27,C7) -> 47.12 | H7: =ROUND((F7+G7)/Parameters!$B$7,2) -> 20.18 | I7: =ROUND(Parameters!$B$8*H7*E7,2) -> 335.69
A8: =Hours!A8 -> 4 | B8: =Hours!B8 -> 10/27/2024 | C8: =Hours!C8 -> Q4 2024 | D8: =Hours!D8 -> 53.27 | E8: =Hours!G8 -> 13.27 | F8: =IF(A8>=Parameters!$E$19,Parameters!$C$19,Parameters!$B$19) -> 760 | G8: =SUMIFS(Bonuses!$D$4:$D$27,Bonuses!$A$4:$A$27,"Kendra Voight",Bonuses!$B$4:$B$27,C8) -> 47.12 | H8: =ROUND((F8+G8)/Parameters!$B$7,2) -> 20.18 | I8: =ROUND(Parameters!$B$8*H8*E8,2) -> 401.68
A9: =Hours!A9 -> 5 | B9: =Hours!B9 -> 11/03/2024 | C9: =Hours!C9 -> Q4 2024 | D9: =Hours!D9 -> 54.94 | E9: =Hours!G9 -> 14.94 | F9: =IF(A9>=Parameters!$E$19,Parameters!$C$19,Parameters!$B$19) -> 760 | G9: =SUMIFS(Bonuses!$D$4:$D$27,Bonuses!$A$4:$A$27,"Kendra Voight",Bonuses!$B$4:$B$27,C9) -> 47.12 | H9: =ROUND((F9+G9)/Parameters!$B$7,2) -> 20.18 | I9: =ROUND(Parameters!$B$8*H9*E9,2) -> 452.23
A10: =Hours!A10 -> 6 | B10: =Hours!B10 -> 11/10/2024 | C10: =Hours!C10 -> Q4 2024 | D10: =Hours!D10 -> 57.65 | E10: =Hours!G10 -> 17.65 | F10: =IF(A10>=Parameters!$E$19,Parameters!$C$19,Parameters!$B$19) -> 760 | G10: =SUMIFS(Bonuses!$D$4:$D$27,Bonuses!$A$4:$A$27,"Kendra Voight",Bonuses!$B$4:$B$27,C10) -> 47.12 | H10: =ROUND((F10+G10)/Parameters!$B$7,2) -> 20.18 | I10: =ROUND(Parameters!$B$8*H10*E10,2) -> 534.27
A11: =Hours!A11 -> 7 | B11: =Hours!B11 -> 11/17/2024 | C11: =Hours!C11 -> Q4 2024 | D11: =Hours!D11 -> 47.22 | E11: =Hours!G11 -> 7.22 | F11: =IF(A11>=Parameters!$E$19,Parameters!$C$19,Parameters!$B$19) -> 760 | G11: =SUMIFS(Bonuses!$D$4:$D$27,Bonuses!$A$4:$A$27,"Kendra Voight",Bonuses!$B$4:$B$27,C11) -> 47.12 | H11: =ROUND((F11+G11)/Parameters!$B$7,2) -> 20.18 | I11: =ROUND(Parameters!$B$8*H11*E11,2) -> 218.55
A12: =Hours!A12 -> 8 | B12: =Hours!B12 -> 11/24/2024 | C12: =Hours!C12 -> Q4 2024 | D12: =Hours!D12 -> 55.39 | E12: =Hours!G12 -> 15.39 | F12: =IF(A12>=Parameters!$E$19,Parameters!$C$19,Parameters!$B$19) -> 760 | G12: =SUMIFS(Bonuses!$D$4:$D$27,Bonuses!$A$4:$A$27,"Kendra Voight",Bonuses!$B$4:$B$27,C12) -> 47.12 | H12: =ROUND((F12+G12)/Parameters!$B$7,2) -> 20.18 | I12: =ROUND(Parameters!$B$8*H12*E12,2) -> 465.86
A13: =Hours!A13 -> 9 | B13: =Hours!B13 -> 12/01/2024 | C13: =Hours!C13 -> Q4 2024 | D13: =Hours!D13 -> 56.43 | E13: =Hours!G13 -> 16.43 | F13: =IF(A13>=Parameters!$E$19,Parameters!$C$19,Parameters!$B$19) -> 760 | G13: =SUMIFS(Bonuses!$D$4:$D$27,Bonuses!$A$4:$A$27,"Kendra Voight",Bonuses!$B$4:$B$27,C13) -> 47.12 | H13: =ROUND((F13+G13)/Parameters!$B$7,2) -> 20.18 | I13: =ROUND(Parameters!$B$8*H13*E13,2) -> 497.34
A14: =Hours!A14 -> 10 | B14: =Hours!B14 -> 12/08/2024 | C14: =Hours!C14 -> Q4 2024 | D14: =Hours!D14 -> 55.16 | E14: =Hours!G14 -> 15.16 | F14: =IF(A14>=Parameters!$E$19,Parameters!$C$19,Parameters!$B$19) -> 760 | G14: =SUMIFS(Bonuses!$D$4:$D$27,Bonuses!$A$4:$A$27,"Kendra Voight",Bonuses!$B$4:$B$27,C14) -> 47.12 | H14: =ROUND((F14+G14)/Parameters!$B$7,2) -> 20.18 | I14: =ROUND(Parameters!$B$8*H14*E14,2) -> 458.89
A15: =Hours!A15 -> 11 | B15: =Hours!B15 -> 12/15/2024 | C15: =Hours!C15 -> Q4 2024 | D15: =Hours!D15 -> 56.05 | E15: =Hours!G15 -> 16.05 | F15: =IF(A15>=Parameters!$E$19,Parameters!$C$19,Parameters!$B$19) -> 760 | G15: =SUMIFS(Bonuses!$D$4:$D$27,Bonuses!$A$4:$A$27,"Kendra Voight",Bonuses!$B$4:$B$27,C15) -> 47.12 | H15: =ROUND((F15+G15)/Parameters!$B$7,2) -> 20.18 | I15: =ROUND(Parameters!$B$8*H15*E15,2) -> 485.83
A16: =Hours!A16 -> 12 | B16: =Hours!B16 -> 12/22/2024 | C16: =Hours!C16 -> Q4 2024 | D16: =Hours!D16 -> 49.04 | E16: =Hours!G16 -> 9.04 | F16: =IF(A16>=Parameters!$E$19,Parameters!$C$19,Parameters!$B$19) -> 760 | G16: =SUMIFS(Bonuses!$D$4:$D$27,Bonuses!$A$4:$A$27,"Kendra Voight",Bonuses!$B$4:$B$27,C16) -> 47.12 | H16: =ROUND((F16+G16)/Parameters!$B$7,2) -> 20.18 | I16: =ROUND(Parameters!$B$8*H16*E16,2) -> 273.64
... A108: =Hours!A108 -> 104 | B108: =Hours!B108 -> 09/27/2026 | C108: =Hours!C108 -> Q3 2026 | D108: =Hours!D108 -> 49.81 | E108: =Hours!G108 -> 9.81 | F108: =IF(A108>=Parameters!$E$19,Parameters!$C$19,Parameters!$B$19) -> 800 | G108: =SUMIFS(Bonuses!$D$4:$D$27,Bonuses!$A$4:$A$27,"Kendra Voight",Bonuses!$B$4:$B$27,C108) -> 40.19 | H108: =ROUND((F108+G108)/Parameters!$B$7,2) -> 21 | I108: =ROUND(Parameters!$B$8*H108*E108,2) -> 309.02
A109: Totals | E109: =SUM(E5:E108) -> 1054.08 | I109: =SUM(I5:I108) -> 32685.45

Sheet Weekly Dellinger
A1: Marcus Dellinger, store 22: back overtime week by week, October 6, 2024 through September 27, 2026
A2: Regular rate for the week is the weekly salary in effect plus the week's equal share of the quarterly bonus, divided by 40, rounded to the cent; overtime owed is one and one-half times that rate on the badge hours over 40, rounded to the cent per week (policy 4.7 and policy 4.8). A week with no badge hours is paid time off.
A4: WEEK INDEX | B4: WEEK ENDING | C4: QUARTER | D4: BADGE HOURS | E4: OVERTIME HOURS | F4: WEEKLY SALARY | G4: BONUS SHARE | H4: REGULAR RATE | I4: OVERTIME OWED
A5: =Hours!A5 -> 1 | B5: =Hours!B5 -> 10/06/2024 | C5: =Hours!C5 -> Q4 2024 | D5: =Hours!E5 -> 45.1 | E5: =Hours!H5 -> 5.1 | F5: =IF(A5>=Parameters!$E$20,Parameters!$C$20,Parameters!$B$20) -> 650 | G5: =SUMIFS(Bonuses!$D$4:$D$27,Bonuses!$A$4:$A$27,"Marcus Dellinger",Bonuses!$B$4:$B$27,C5) -> 29.23 | H5: =ROUND((F5+G5)/Parameters!$B$7,2) -> 16.98 | I5: =ROUND(Parameters!$B$8*H5*E5,2) -> 129.9
A6: =Hours!A6 -> 2 | B6: =Hours!B6 -> 10/13/2024 | C6: =Hours!C6 -> Q4 2024 | D6: =Hours!E6 -> 40.14 | E6: =Hours!H6 -> 0.14 | F6: =IF(A6>=Parameters!$E$20,Parameters!$C$20,Parameters!$B$20) -> 650 | G6: =SUMIFS(Bonuses!$D$4:$D$27,Bonuses!$A$4:$A$27,"Marcus Dellinger",Bonuses!$B$4:$B$27,C6) -> 29.23 | H6: =ROUND((F6+G6)/Parameters!$B$7,2) -> 16.98 | I6: =ROUND(Parameters!$B$8*H6*E6,2) -> 3.57
A7: =Hours!A7 -> 3 | B7: =Hours!B7 -> 10/20/2024 | C7: =Hours!C7 -> Q4 2024 | D7: =Hours!E7 -> 38.04 | E7: =Hours!H7 -> 0 | F7: =IF(A7>=Parameters!$E$20,Parameters!$C$20,Parameters!$B$20) -> 650 | G7: =SUMIFS(Bonuses!$D$4:$D$27,Bonuses!$A$4:$A$27,"Marcus Dellinger",Bonuses!$B$4:$B$27,C7) -> 29.23 | H7: =ROUND((F7+G7)/Parameters!$B$7,2) -> 16.98 | I7: =ROUND(Parameters!$B$8*H7*E7,2) -> 0
A8: =Hours!A8 -> 4 | B8: =Hours!B8 -> 10/27/2024 | C8: =Hours!C8 -> Q4 2024 | D8: =Hours!E8 -> 41.14 | E8: =Hours!H8 -> 1.14 | F8: =IF(A8>=Parameters!$E$20,Parameters!$C$20,Parameters!$B$20) -> 650 | G8: =SUMIFS(Bonuses!$D$4:$D$27,Bonuses!$A$4:$A$27,"Marcus Dellinger",Bonuses!$B$4:$B$27,C8) -> 29.23 | H8: =ROUND((F8+G8)/Parameters!$B$7,2) -> 16.98 | I8: =ROUND(Parameters!$B$8*H8*E8,2) -> 29.04
A9: =Hours!A9 -> 5 | B9: =Hours!B9 -> 11/03/2024 | C9: =Hours!C9 -> Q4 2024 | D9: =Hours!E9 -> 46.02 | E9: =Hours!H9 -> 6.02 | F9: =IF(A9>=Parameters!$E$20,Parameters!$C$20,Parameters!$B$20) -> 650 | G9: =SUMIFS(Bonuses!$D$4:$D$27,Bonuses!$A$4:$A$27,"Marcus Dellinger",Bonuses!$B$4:$B$27,C9) -> 29.23 | H9: =ROUND((F9+G9)/Parameters!$B$7,2) -> 16.98 | I9: =ROUND(Parameters!$B$8*H9*E9,2) -> 153.33
A10: =Hours!A10 -> 6 | B10: =Hours!B10 -> 11/10/2024 | C10: =Hours!C10 -> Q4 2024 | D10: =Hours!E10 -> 47.69 | E10: =Hours!H10 -> 7.69 | F10: =IF(A10>=Parameters!$E$20,Parameters!$C$20,Parameters!$B$20) -> 650 | G10: =SUMIFS(Bonuses!$D$4:$D$27,Bonuses!$A$4:$A$27,"Marcus Dellinger",Bonuses!$B$4:$B$27,C10) -> 29.23 | H10: =ROUND((F10+G10)/Parameters!$B$7,2) -> 16.98 | I10: =ROUND(Parameters!$B$8*H10*E10,2) -> 195.86
A11: =Hours!A11 -> 7 | B11: =Hours!B11 -> 11/17/2024 | C11: =Hours!C11 -> Q4 2024 | D11: =Hours!E11 -> 41.82 | E11: =Hours!H11 -> 1.82 | F11: =IF(A11>=Parameters!$E$20,Parameters!$C$20,Parameters!$B$20) -> 650 | G11: =SUMIFS(Bonuses!$D$4:$D$27,Bonuses!$A$4:$A$27,"Marcus Dellinger",Bonuses!$B$4:$B$27,C11) -> 29.23 | H11: =ROUND((F11+G11)/Parameters!$B$7,2) -> 16.98 | I11: =ROUND(Parameters!$B$8*H11*E11,2) -> 46.36
A12: =Hours!A12 -> 8 | B12: =Hours!B12 -> 11/24/2024 | C12: =Hours!C12 -> Q4 2024 | D12: =Hours!E12 -> 46.24 | E12: =Hours!H12 -> 6.24 | F12: =IF(A12>=Parameters!$E$20,Parameters!$C$20,Parameters!$B$20) -> 650 | G12: =SUMIFS(Bonuses!$D$4:$D$27,Bonuses!$A$4:$A$27,"Marcus Dellinger",Bonuses!$B$4:$B$27,C12) -> 29.23 | H12: =ROUND((F12+G12)/Parameters!$B$7,2) -> 16.98 | I12: =ROUND(Parameters!$B$8*H12*E12,2) -> 158.93
A13: =Hours!A13 -> 9 | B13: =Hours!B13 -> 12/01/2024 | C13: =Hours!C13 -> Q4 2024 | D13: =Hours!E13 -> 46.29 | E13: =Hours!H13 -> 6.29 | F13: =IF(A13>=Parameters!$E$20,Parameters!$C$20,Parameters!$B$20) -> 650 | G13: =SUMIFS(Bonuses!$D$4:$D$27,Bonuses!$A$4:$A$27,"Marcus Dellinger",Bonuses!$B$4:$B$27,C13) -> 29.23 | H13: =ROUND((F13+G13)/Parameters!$B$7,2) -> 16.98 | I13: =ROUND(Parameters!$B$8*H13*E13,2) -> 160.21
A14: =Hours!A14 -> 10 | B14: =Hours!B14 -> 12/08/2024 | C14: =Hours!C14 -> Q4 2024 | D14: =Hours!E14 -> 42.74 | E14: =Hours!H14 -> 2.74 | F14: =IF(A14>=Parameters!$E$20,Parameters!$C$20,Parameters!$B$20) -> 650 | G14: =SUMIFS(Bonuses!$D$4:$D$27,Bonuses!$A$4:$A$27,"Marcus Dellinger",Bonuses!$B$4:$B$27,C14) -> 29.23 | H14: =ROUND((F14+G14)/Parameters!$B$7,2) -> 16.98 | I14: =ROUND(Parameters!$B$8*H14*E14,2) -> 69.79
A15: =Hours!A15 -> 11 | B15: =Hours!B15 -> 12/15/2024 | C15: =Hours!C15 -> Q4 2024 | D15: =Hours!E15 -> 42.11 | E15: =Hours!H15 -> 2.11 | F15: =IF(A15>=Parameters!$E$20,Parameters!$C$20,Parameters!$B$20) -> 650 | G15: =SUMIFS(Bonuses!$D$4:$D$27,Bonuses!$A$4:$A$27,"Marcus Dellinger",Bonuses!$B$4:$B$27,C15) -> 29.23 | H15: =ROUND((F15+G15)/Parameters!$B$7,2) -> 16.98 | I15: =ROUND(Parameters!$B$8*H15*E15,2) -> 53.74
A16: =Hours!A16 -> 12 | B16: =Hours!B16 -> 12/22/2024 | C16: =Hours!C16 -> Q4 2024 | D16: =Hours!E16 -> 39.95 | E16: =Hours!H16 -> 0 | F16: =IF(A16>=Parameters!$E$20,Parameters!$C$20,Parameters!$B$20) -> 650 | G16: =SUMIFS(Bonuses!$D$4:$D$27,Bonuses!$A$4:$A$27,"Marcus Dellinger",Bonuses!$B$4:$B$27,C16) -> 29.23 | H16: =ROUND((F16+G16)/Parameters!$B$7,2) -> 16.98 | I16: =ROUND(Parameters!$B$8*H16*E16,2) -> 0
... A108: =Hours!A108 -> 104 | B108: =Hours!B108 -> 09/27/2026 | C108: =Hours!C108 -> Q3 2026 | D108: =Hours!E108 -> 43.49 | E108: =Hours!H108 -> 3.49 | F108: =IF(A108>=Parameters!$E$20,Parameters!$C$20,Parameters!$B$20) -> 675 | G108: =SUMIFS(Bonuses!$D$4:$D$27,Bonuses!$A$4:$A$27,"Marcus Dellinger",Bonuses!$B$4:$B$27,C108) -> 34.81 | H108: =ROUND((F108+G108)/Parameters!$B$7,2) -> 17.75 | I108: =ROUND(Parameters!$B$8*H108*E108,2) -> 92.92
A109: Totals | E109: =SUM(E5:E108) -> 279.08 | I109: =SUM(I5:I108) -> 7224.63

Sheet Note to Delia
A1: To: Delia Okonjo, Vice President of Human Resources and General Counsel
A2: Date: October 14, 2026
A3: Re: Assistant manager exemption review and the Voight demand letter
A5: Two of the three assistant managers are misclassified, and the letter is right about Kendra Voight. Her salary of $800.00 a week clears the $684.00 salary test, but store 14 has carried one full-time and one part-time associate beside her for three of the four half-years in the look-back, 1.5 full-time equivalents against the two the duties test requires, and hiring at store 14 runs through the district manager. She is non-exempt on the duties test.
A6: Marcus Dellinger at store 22 fails the salary test outright. His weekly salary has been $650.00 and, since June 30, 2025, $675.00, both below the $684.00 the test requires, so his duties do not save the classification even though store 22 gives him 2.5 full-time equivalents to direct. Priya Natarajan at store 31 meets both tests, at $850.00 a week with three full-time and two part-time associates whose hiring follows her recommendations, and her classification holds.
A7: Voight is owed $32,685.45 in back overtime for the 104-week look-back, on 1,054.08 overtime hours over 101 workweeks worked, computed week by week under policy 4.7 with the quarterly bonuses allocated across their thirteen workweeks under policy 4.8. Dellinger is owed $7,224.63 on 279.08 overtime hours, with 82 of his 102 workweeks over 40 hours. The company's two-year back overtime is $39,910.08, and with liquidated damages equal to it the exposure is $79,820.16.
A8: The letter overstates Voight's claim on hours and understates it on the rate. It assumes twelve overtime hours every week, while the badge record averages 10.44 overtime hours over the weeks she worked, with three weeks of paid time off at no hours. Its $37,440.00 of unpaid overtime compares with $32,685.45 here, and its $74,880.00 demand with $65,370.90, a difference of $9,509.10. The letter leaves the bonuses out of the regular rate, and our own policy puts them in. The rate here is therefore above the letter's $20.00 in every quarter she earned a bonus.
A9: What is worse than the letter says is Dellinger. The letter covers one employee. Policy 4.6 and the wage and hour reference require the review to cover every assistant manager whose classification rests on the same facts, and Dellinger's salary has been below the test since he was hired. An answer that reclassifies Voight and leaves Dellinger as he is invites the second claim.
A10: The letter also says willfulness, pointing at the rewrite of the position description. The revision notes in the descriptions file say Human Resources never received the staffing confirmations for stores 14 and 22 and did not follow up, which is the fact a third-year claim would rest on. The third year is not computed here, since the badge records pulled run from October 2024. If you want it, the October 2023 to September 2024 badge record is the pull.
A11: Two things the records do not settle. The badge hours are the company's best evidence under policy 4.9, but they include the time between badging in and starting work, which Voight's counsel will take as worked and which the record cannot separate. The staffing figures are half-year averages from scheduling, and store 14 reached two full-time equivalents in the Oct 2025 to Mar 2026 half-year, so whether that half-year alone could have supported the exemption is a question for you rather than for the badge record.
